{"instance": "grid(50,100,double)", "Type": "pMC", "Formula": "Rmin=? [F \"goal\"]", "Engine": "spsolve", "States": 4999, "Transitions": 14995, "Parameters": 100, "Solution": 5.068201, "Model instantiate [s]": 0.006419, "Model verify [s]": 1.00591, "Num. derivatives": 10, "Differentiate one [s]": 0.017137, "Differentiate explicitly [s]": 1.714, "LP (define matrices) [s]": 0.39925, "LP (solve) [s]": 0.230189, "Max. derivatives": [0.262862, 1.164616, 0.586725, 1.297916, 0.188242, 0.091254, 0.076476, 0.597606, 0.140658, 0.198603], "Argmax. derivatives": ["v32", "v14", "v5", "v23", "v77", "v49", "v89", "v74", "v58", "v78"], "Max. validation": [0.262862, 1.164623, 0.586726, 1.297922, 0.188242, 0.091253, 0.076476, 0.597608, 0.140658, 0.198604], "Difference %": [-0.0, 6e-06, 2e-06, 5e-06, 1e-06, -5e-06, 0.0, 2e-06, -2e-06, 1e-06]}