{"instance": "grid(20,100,double)", "Type": "prMC", "Formula": "Rmin=? [F \"goal\"]", "Engine": "spsolve", "States": 799, "Transitions": 2395, "Parameters": 100, "Solution": 350.567929, "Model instantiate [s]": 0.236515, "Model verify [s]": 6.355417, "Num. derivatives": 10, "Differentiate one [s]": 0.006175, "Differentiate explicitly [s]": 0.618, "LP (define matrices) [s]": 0.072207, "LP (solve) [s]": 0.057178, "Max. derivatives": [0.005715, 0.005654, 0.005754, 0.005766, 0.00789, 0.008287, 0.004977, 0.005561, 0.005505, 0.004157], "Argmax. derivatives": ["param30", "param98", "param99", "param29", "param16", "param77", "param44", "param15", "param28", "param8"], "Max. validation": [0.005715, 0.005653, 0.005754, 0.005766, 0.007889, 0.008286, 0.004977, 0.00556, 0.005505, 0.004156], "Difference %": [-9.9e-05, -9.8e-05, -9.8e-05, -0.000143, -0.000125, -0.000142, -0.000133, -0.000134, -0.000105, -0.000118]}