{"instance": "grid(10,10,double)", "Type": "prMC", "Formula": "Rmin=? [F \"goal\"]", "Engine": "spsolve", "States": 199, "Transitions": 595, "Parameters": 10, "Solution": 115.964149, "Model instantiate [s]": 0.031834, "Model verify [s]": 1.099034, "Num. derivatives": 10, "Differentiate one [s]": 0.001777, "Differentiate explicitly [s]": 0.018, "LP (define matrices) [s]": 0.018814, "LP (solve) [s]": 0.015473, "Max. derivatives": [0.002041, 0.004833, 0.006562, 0.002932, 0.003107, 0.005389, 0.006519, 0.00173, 0.000932, 0.002357], "Argmax. derivatives": ["param1", "param2", "param3", "param4", "param5", "param6", "param7", "param8", "param9", "param10"], "Max. validation": [0.002041, 0.004832, 0.006562, 0.002932, 0.003107, 0.005388, 0.006519, 0.00173, 0.000932, 0.002356], "Difference %": [-8.3e-05, -0.000121, -0.000116, -7.8e-05, -0.000127, -0.000143, -0.0001, -0.000124, -7.5e-05, -7.4e-05]}