{"instance": "grid(10,10,double)", "Type": "pMC", "Formula": "Rmin=? [F \"goal\"]", "Engine": "spsolve", "States": 199, "Transitions": 595, "Parameters": 10, "Solution": 1.881881, "Model instantiate [s]": 0.000378, "Model verify [s]": 0.039758, "Num. derivatives": 10, "Differentiate one [s]": 0.00077, "Differentiate explicitly [s]": 0.008, "LP (define matrices) [s]": 0.018015, "LP (solve) [s]": 0.009096, "Max. derivatives": [0.075153, 0.033824, 0.563926, -0.068319, -0.116372, 0.365014, -0.501331, -0.083646, -0.120749, -0.375485], "Argmax. derivatives": ["v5", "v0", "v3", "v7", "v9", "v2", "v4", "v6", "v8", "v1"], "Max. validation": [0.075154, 0.033825, 0.56393, -0.068319, -0.116372, 0.365014, -0.50133, -0.083646, -0.120749, -0.375484], "Difference %": [1.7e-05, 3.5e-05, 6e-06, 0.0, 0.0, 2e-06, -2e-06, -1e-06, -0.0, -2e-06]}