{"instance": "grid(20,100,double)", "Type": "pMC", "Formula": "Rmin=? [F \"goal\"]", "Engine": "spsolve", "States": 799, "Transitions": 2395, "Parameters": 100, "Solution": 7.847778, "Model instantiate [s]": 0.002609, "Model verify [s]": 0.242774, "Num. derivatives": 10, "Differentiate one [s]": 0.003372, "Differentiate explicitly [s]": 0.337, "LP (define matrices) [s]": 0.097409, "LP (solve) [s]": 0.037357, "Max. derivatives": [1.883164, 1.024237, 1.683499, 0.12188, 0.557821, 0.133902, 0.488229, 0.178864, 0.916213, 0.212914], "Argmax. derivatives": ["v63", "v87", "v46", "v94", "v39", "v18", "v75", "v58", "v24", "v65"], "Max. validation": [1.883174, 1.024239, 1.683508, 0.12188, 0.557822, 0.133902, 0.488227, 0.178864, 0.916215, 0.212914], "Difference %": [5e-06, 3e-06, 5e-06, 0.0, 2e-06, 1e-06, -3e-06, 0.0, 3e-06, 1e-06]}