{"instance": "grid(50,50,double)", "Type": "pMC", "Formula": "Rmin=? [F \"goal\"]", "Engine": "spsolve", "States": 4999, "Transitions": 14995, "Parameters": 50, "Solution": 5.04388, "Model instantiate [s]": 0.007901, "Model verify [s]": 1.838003, "Num. derivatives": 10, "Differentiate one [s]": 0.021855, "Differentiate explicitly [s]": 1.093, "LP (define matrices) [s]": 0.541386, "LP (solve) [s]": 0.540113, "Max. derivatives": [0.37547, 0.225897, 0.114029, 0.414699, 1.481597, 0.527057, 0.14284, 0.203839, 0.363856, 1.301771], "Argmax. derivatives": ["v9", "v13", "v33", "v47", "v23", "v31", "v29", "v32", "v10", "v48"], "Max. validation": [0.375537, 0.225898, 0.114096, 0.414771, 1.48167, 0.527058, 0.14284, 0.203906, 0.363924, 1.301777], "Difference %": [0.000177, 2e-06, 0.000589, 0.000173, 5e-05, 1e-06, -1e-06, 0.000328, 0.000189, 5e-06]}