{"instance": "grid(50,50,double)", "Type": "prMC", "Formula": "Rmin=? [F \"goal\"]", "Engine": "spsolve", "States": 4999, "Transitions": 14995, "Parameters": 50, "Solution": 1089.5308, "Model instantiate [s]": 1.372413, "Model verify [s]": 32.280397, "Num. derivatives": 10, "Differentiate one [s]": 0.046569, "Differentiate explicitly [s]": 2.328, "LP (define matrices) [s]": 0.525194, "LP (solve) [s]": 0.951912, "Max. derivatives": [0.023015, 0.042794, 0.029081, 0.020978, 0.020841, 0.024399, 0.021045, 0.024714, 0.02994, 0.032569], "Argmax. derivatives": ["param43", "param47", "param3", "param35", "param29", "param34", "param17", "param10", "param33", "param25"], "Max. validation": [0.023012, 0.042788, 0.029077, 0.020976, 0.020839, 0.024395, 0.021043, 0.024712, 0.029936, 0.032566], "Difference %": [-9.2e-05, -0.000129, -0.000138, -0.000119, -0.000103, -0.000134, -0.000109, -8.3e-05, -0.00013, -0.000105]}