{"v0": 0.3123440522143487, "v1": 0.13409322411780802, "v2": 0.366271092399318, "v3": 0.1118539272521205, "v4": 0.4557149264314716, "v5": 0.37284758349408853, "v6": 0.4565257401144214, "v7": 0.10048302869473949, "v8": 0.47488753022028096, "v9": 0.4833229438191171, "v10": 0.4185277651700373, "v11": 0.4968295371251312, "v12": 0.24209007924533751, "v13": 0.4393360600416357, "v14": 0.4082697982870843, "v15": 0.3882110070384024, "v16": 0.35336592859883253, "v17": 0.22295044684568643, "v18": 0.31491161014232316, "v19": 0.20983001953779593, "v20": 0.10347596734766383, "v21": 0.10997788985085398, "v22": 0.1577144386355563, "v23": 0.30550389309407733, "v24": 0.18906317310415557, "v25": 0.24779587734377462, "v26": 0.12204291093254804, "v27": 0.4644788645906911, "v28": 0.4539807571661757, "v29": 0.45891082928588656, "v30": 0.23287635505079074, "v31": 0.3851707411795384, "v32": 0.27077736415932796, "v33": 0.220676986424447, "v34": 0.12816433245384573, "v35": 0.26873780712789785, "v36": 0.255327841422593, "v37": 0.1641574145226256, "v38": 0.24008290438560037, "v39": 0.13824795303514237, "v40": 0.44844101333133135, "v41": 0.36703732219572294, "v42": 0.1770871907095574, "v43": 0.46723678040290606, "v44": 0.3318723570243854, "v45": 0.28235937506277314, "v46": 0.35694069974538434, "v47": 0.20161009241614292, "v48": 0.3204316594031587, "v49": 0.15276129989615173, "v50": 0.1802064051679967, "v51": 0.30562178873223145, "v52": 0.1389973536860341, "v53": 0.4407414797466406, "v54": 0.2582175319190183, "v55": 0.19323112978579507, "v56": 0.3341728298983915, "v57": 0.3987345486994396, "v58": 0.34359544568830713, "v59": 0.33160448256989344, "v60": 0.1680398556034851, "v61": 0.3745448198375002, "v62": 0.49072072124368005, "v63": 0.34343732287403933, "v64": 0.23135157974849802, "v65": 0.42107685595871114, "v66": 0.43454561099261213, "v67": 0.2661119786823354, "v68": 0.26624330437410304, "v69": 0.4746468432760448, "v70": 0.38887360953509453, "v71": 0.11316053382134061, "v72": 0.2703783780377607, "v73": 0.13755778744126862, "v74": 0.4914190182633207, "v75": 0.3300849880539699, "v76": 0.35747123497278444, "v77": 0.2457850737708428, "v78": 0.36708595554859125, "v79": 0.3287374552508536, "v80": 0.409873390033921, "v81": 0.46004085240331394, "v82": 0.26172261052352563, "v83": 0.45813804556771354, "v84": 0.1260329925771939, "v85": 0.3741909524073873, "v86": 0.19242802037265738, "v87": 0.3155474013580598, "v88": 0.4092139904679293, "v89": 0.3986337152801651, "v90": 0.3885720440568824, "v91": 0.29315664903251604, "v92": 0.1776091262518103, "v93": 0.18222652905634518, "v94": 0.31418730272124695, "v95": 0.27512570064983577, "v96": 0.48999592491061794, "v97": 0.22032957030193476, "v98": 0.13158796375403792, "v99": 0.3907511863184385}