{"v0": 0.29522251225958185, "v1": 0.24224509513998227, "v2": 0.47617277810112524, "v3": 0.40613010152278617, "v4": 0.399465447940219, "v5": 0.46148789589837336, "v6": 0.13336897417680743, "v7": 0.32087698796896263, "v8": 0.3337904275823076, "v9": 0.4847745514188916, "v10": 0.21685901071701955, "v11": 0.19633151196617873, "v12": 0.14011757690619914, "v13": 0.10657185183658968, "v14": 0.4718117267168762, "v15": 0.36796661863636404, "v16": 0.41406116480925514, "v17": 0.21269204230157965, "v18": 0.3345640664745307, "v19": 0.12558210644839246, "v20": 0.29425103837384914, "v21": 0.4909980558977788, "v22": 0.4506020981266363, "v23": 0.23526358073473827, "v24": 0.48462806181659945, "v25": 0.19268065058848183, "v26": 0.4797275289662726, "v27": 0.4765510818825994, "v28": 0.41968103494095665, "v29": 0.35217917474671645, "v30": 0.4497151866499788, "v31": 0.2172081138031187, "v32": 0.43957742212516726, "v33": 0.3471506767670095, "v34": 0.1052947431035598, "v35": 0.23889340717288784, "v36": 0.15925634437926603, "v37": 0.49273175592730134, "v38": 0.2913481228159952, "v39": 0.2989565461994651, "v40": 0.3557890065594894, "v41": 0.24743384245184702, "v42": 0.1547601086742396, "v43": 0.4288470932776982, "v44": 0.1759391647611032, "v45": 0.30452759301858245, "v46": 0.1897268115898957, "v47": 0.13913779379761362, "v48": 0.44487660696867337, "v49": 0.48916779560925217, "v50": 0.4843338632252001, "v51": 0.4626221996884716, "v52": 0.4096189330794555, "v53": 0.23325806081145678, "v54": 0.13244055599519872, "v55": 0.26289646856552296, "v56": 0.19289365686837712, "v57": 0.1529950539031932, "v58": 0.12137087271473011, "v59": 0.39023774568423153, "v60": 0.10457098345001242, "v61": 0.4082322994011105, "v62": 0.15877865816015002, "v63": 0.1318088330347023, "v64": 0.13584121369544216, "v65": 0.3688191229415658, "v66": 0.1981468839411379, "v67": 0.2682157866720394, "v68": 0.32294751652956677, "v69": 0.4442204695315175, "v70": 0.3908177050845313, "v71": 0.20813116209548588, "v72": 0.15259311971645106, "v73": 0.12214972816847919, "v74": 0.220639453792377, "v75": 0.2048472596958713, "v76": 0.2824562267201919, "v77": 0.3733125342190722, "v78": 0.37825017825554286, "v79": 0.21340753863286666, "v80": 0.2519707823600482, "v81": 0.17246038469476122, "v82": 0.4154182049226075, "v83": 0.12273923057329612, "v84": 0.378798896689995, "v85": 0.4114781583764414, "v86": 0.4109630247395013, "v87": 0.20376902573814198, "v88": 0.2495252551730246, "v89": 0.33503985407855563, "v90": 0.20912876096978683, "v91": 0.2483411196871555, "v92": 0.17882171207425587, "v93": 0.28394235350240293, "v94": 0.11784492050164563, "v95": 0.41991835382824727, "v96": 0.1307825787946531, "v97": 0.3075340595326104, "v98": 0.22272403981807845, "v99": 0.33101717953255017}