{"v0": 0.4854651042004118, "v1": 0.2533766075303111, "v2": 0.4166900152330658}