{"v0": 0.01244376072469455, "v1": 0.011242888938909448, "v2": 0.012232916696542482, "v3": 0.015398133777638715, "v4": 0.018682549840773978, "v5": 0.017949877862386675, "v6": 0.01032356232560799, "v7": 0.016985574097306694, "v8": 0.010467917881120638, "v9": 0.019980254861986478, "v10": 0.017841143502938674, "v11": 0.012313817795607456, "v12": 0.014901102649855183, "v13": 0.01744101230952888, "v14": 0.018398065242143144, "v15": 0.012288573901991569, "v16": 0.011339488907029939, "v17": 0.019310765925671554, "v18": 0.01670761655944734, "v19": 0.01876284891257797, "v20": 0.012323831543014594, "v21": 0.011286966139775199, "v22": 0.013503251855928997, "v23": 0.012526999344534658, "v24": 0.010727540846455906, "v25": 0.016444791031250725, "v26": 0.012512119615032454, "v27": 0.014502244692295257, "v28": 0.012883005533693908, "v29": 0.0192119220841902, "v30": 0.01450209164077744, "v31": 0.018798566872314286, "v32": 0.010440163622931932, "v33": 0.015358019196743568, "v34": 0.014527304964267199, "v35": 0.013261176923479409, "v36": 0.013001894580146126, "v37": 0.012667881580450832, "v38": 0.011995295334765656, "v39": 0.014926324326786845, "v40": 0.013451377710351705, "v41": 0.013306005296796998, "v42": 0.01066207172465567, "v43": 0.010138650463037841, "v44": 0.019116567558329765, "v45": 0.014137584288128748, "v46": 0.016770445393302864, "v47": 0.014523989650068632, "v48": 0.012006376706855684, "v49": 0.019294751866998333}