{"v0": 0.012174504927055718, "v1": 0.017492544170632396, "v2": 0.017316937564646903, "v3": 0.010456146371508865, "v4": 0.012091570294808411, "v5": 0.012869150433006047, "v6": 0.01677263305338427, "v7": 0.010630382896693769, "v8": 0.015556492427701452, "v9": 0.010092400734865408, "v10": 0.01833038097509391, "v11": 0.01984329434348122, "v12": 0.01703494784134702, "v13": 0.011816312004920487, "v14": 0.015123934632959038, "v15": 0.0158044713718813, "v16": 0.01787542155955026, "v17": 0.01606475460068576, "v18": 0.012184028548119228, "v19": 0.014551688151933372, "v20": 0.01878869741777471, "v21": 0.014922682415051586, "v22": 0.017155611574590397, "v23": 0.014861595603111977, "v24": 0.01708548150020003, "v25": 0.0149814022550747, "v26": 0.018445500794719426, "v27": 0.011943422229429831, "v28": 0.0177332600961057, "v29": 0.019742586638572326, "v30": 0.01862309777350283, "v31": 0.017804266511040133, "v32": 0.019850322788832357, "v33": 0.01753569606672163, "v34": 0.010040481063684263, "v35": 0.012694794339581178, "v36": 0.01410492138094457, "v37": 0.01428223832116408, "v38": 0.012978418185550563, "v39": 0.014011323415586276, "v40": 0.011206569911861197, "v41": 0.019806996740240192, "v42": 0.014061204929813111, "v43": 0.015692107600936256, "v44": 0.013436055031480987, "v45": 0.017888727777194642, "v46": 0.01411372414037938, "v47": 0.013592714170600857, "v48": 0.013994989103160903, "v49": 0.013018308759275166}