{"v0": 0.010357178288886203, "v1": 0.012527860535543027, "v2": 0.011502275516094052, "v3": 0.015956590981055674, "v4": 0.016159096056957128, "v5": 0.016463641254924305, "v6": 0.01921439617959387, "v7": 0.019347814309486556, "v8": 0.018034184972423026, "v9": 0.011689352533625037, "v10": 0.014540629439830512, "v11": 0.0129272589477443, "v12": 0.011366248093979198, "v13": 0.012261641620822638, "v14": 0.015238219216819855, "v15": 0.018076099706983886, "v16": 0.01859518769904594, "v17": 0.017445946742326565, "v18": 0.012072090940861029, "v19": 0.014467053323991539, "v20": 0.01587000049046755, "v21": 0.010312857569294492, "v22": 0.019965198161756115, "v23": 0.012225039118750686, "v24": 0.013807644139963998, "v25": 0.015652269082971987, "v26": 0.010639702126707618, "v27": 0.011521456884524781, "v28": 0.016173709884768496, "v29": 0.011962990949173547, "v30": 0.010567483108272338, "v31": 0.014879098327259786, "v32": 0.019098982418888057, "v33": 0.011603305470692804, "v34": 0.010112669653190269, "v35": 0.012384719312609973, "v36": 0.010528489745869188, "v37": 0.01088509556314314, "v38": 0.012189981016269896, "v39": 0.0139594897637875, "v40": 0.011016425429226982, "v41": 0.01631215675463366, "v42": 0.01694849526092245, "v43": 0.011610633499494752, "v44": 0.017735316482757345, "v45": 0.018314833481688282, "v46": 0.012919286282602173, "v47": 0.014907479178493221, "v48": 0.014048986862339451, "v49": 0.014400225724169907}