{"v0": 0.01790314958054283, "v1": 0.011528504589914737, "v2": 0.01445133212869627, "v3": 0.01640444810575973, "v4": 0.01883012680552633, "v5": 0.017293096347351763, "v6": 0.013555012638761351, "v7": 0.010099979449505815, "v8": 0.016308753587698815, "v9": 0.019428890451463607, "v10": 0.01884183440835875, "v11": 0.013916573750623478, "v12": 0.016349325843904493, "v13": 0.011729022192010741, "v14": 0.01089048816847028, "v15": 0.01326837131910644, "v16": 0.018454481441164884, "v17": 0.014068459242309105, "v18": 0.011045974853193892, "v19": 0.016372421378997318, "v20": 0.014027278113038628, "v21": 0.011607427452643714, "v22": 0.015729665629187064, "v23": 0.01787524952049016, "v24": 0.019250713124931762, "v25": 0.012186066451802502, "v26": 0.010052811705292914, "v27": 0.012681030996962666, "v28": 0.017842349206889686, "v29": 0.01446635768817671, "v30": 0.01624817990419942, "v31": 0.015317044009327874, "v32": 0.012574547649684607, "v33": 0.01493890118186103, "v34": 0.017411044575296054, "v35": 0.014452240079451395, "v36": 0.013372216389829278, "v37": 0.011669423142205183, "v38": 0.01392061991544721, "v39": 0.011190772923804115, "v40": 0.01432874602985447, "v41": 0.01336970869189279, "v42": 0.017792516316247835, "v43": 0.019331968135078065, "v44": 0.019467992502103, "v45": 0.012399293235102563, "v46": 0.011246185899600584, "v47": 0.010382790856879473, "v48": 0.013699924337665842, "v49": 0.01677040500322107, "v50": 0.017678651254055478, "v51": 0.01233856941008633, "v52": 0.01367307431628587, "v53": 0.015812805016543807, "v54": 0.015486931382564083, "v55": 0.01777329240965729, "v56": 0.01064703534256288, "v57": 0.011437362695491756, "v58": 0.01909645630810533, "v59": 0.010737142527184407, "v60": 0.015514355853629716, "v61": 0.013430157272195115, "v62": 0.01729132065960648, "v63": 0.012299142404348814, "v64": 0.013518904901518691, "v65": 0.018018234113883903, "v66": 0.013173907835302619, "v67": 0.019952150083459116, "v68": 0.01911890504643935, "v69": 0.011742731779083072, "v70": 0.01616242700191118, "v71": 0.011832681699901825, "v72": 0.018351992092643342, "v73": 0.0185680327900183, "v74": 0.012676678899865637, "v75": 0.01539081457789208, "v76": 0.01466477585477858, "v77": 0.01307046968286214, "v78": 0.011243634026997287, "v79": 0.015906817732432448, "v80": 0.0164159193643461, "v81": 0.014937100812045388, "v82": 0.014835682207214502, "v83": 0.012681139561990951, "v84": 0.01239065993696404, "v85": 0.016309631057752218, "v86": 0.014155707445661619, "v87": 0.01919834979608136, "v88": 0.01306915994107001, "v89": 0.012692037191165562, "v90": 0.012049901968065223, "v91": 0.013261070553982613, "v92": 0.010169494286534693, "v93": 0.013069397057235792, "v94": 0.01413807868013154, "v95": 0.017651853897762835, "v96": 0.0163375655499105, "v97": 0.01533804124042246, "v98": 0.010540613565236334, "v99": 0.011295647174088997}