{"v0": 0.01142520783302493, "v1": 0.016243000572826786, "v2": 0.019928201077976174, "v3": 0.016503917479374363, "v4": 0.0112021666718786, "v5": 0.018214402970991066, "v6": 0.01431537721181584, "v7": 0.010837002092144443, "v8": 0.015998245833260226, "v9": 0.012280460981649189, "v10": 0.014167817473795294, "v11": 0.013182942498743513, "v12": 0.016428539475072397, "v13": 0.01431034672806622, "v14": 0.011039820932164764, "v15": 0.012156755661320542, "v16": 0.015004452736380616, "v17": 0.0178918422707076, "v18": 0.010097432652376353, "v19": 0.016124272839894, "v20": 0.011158817586756662, "v21": 0.016040494237681696, "v22": 0.018368076354782492, "v23": 0.012284829664769351, "v24": 0.014955147524772679, "v25": 0.017740529258445353, "v26": 0.011755774792546206, "v27": 0.011525611427019616, "v28": 0.019050458686392602, "v29": 0.016946466513738965, "v30": 0.017365733630422216, "v31": 0.0184396862761204, "v32": 0.015394257808850113, "v33": 0.014884054991924637, "v34": 0.015562573515833802, "v35": 0.017170179689321406, "v36": 0.013909373051522615, "v37": 0.010951682467169838, "v38": 0.011355968845828847, "v39": 0.019739029580424037, "v40": 0.010517176623407825, "v41": 0.01711619337449149, "v42": 0.019436815284210034, "v43": 0.01129259547240583, "v44": 0.017222643778520782, "v45": 0.013024565979803107, "v46": 0.01236965018311164, "v47": 0.018526226082130753, "v48": 0.01909353691585984, "v49": 0.013470505093923802}