{"v0": 0.011381829513486139, "v1": 0.011965823616800535, "v2": 0.013687251706609642, "v3": 0.01820993229847935, "v4": 0.010971012757930613, "v5": 0.01837944907498804, "v6": 0.010960984078939631, "v7": 0.019764594650133957, "v8": 0.014686512016477016, "v9": 0.01976761088190337, "v10": 0.016048455197450462, "v11": 0.017392635793983018, "v12": 0.010391877922543208, "v13": 0.012828069625764096, "v14": 0.011201965612131689, "v15": 0.01296140197522145, "v16": 0.011187277189542441, "v17": 0.01317983179393976, "v18": 0.0141426299451467, "v19": 0.010641474963487843, "v20": 0.0169247211937002, "v21": 0.015666014542065752, "v22": 0.012653894909394454, "v23": 0.015232480534666998, "v24": 0.010939405107584416, "v25": 0.015759464955561794, "v26": 0.019292961975762142, "v27": 0.013185689524513237, "v28": 0.016674103799636818, "v29": 0.011317978624043922, "v30": 0.017163272041185656, "v31": 0.012894060929472012, "v32": 0.01183191362007117, "v33": 0.01586512934810083, "v34": 0.010201075461874936, "v35": 0.01828940029217363, "v36": 0.010046954761925471, "v37": 0.0167781653679623, "v38": 0.012700079731921648, "v39": 0.01735194022122595, "v40": 0.01962188545117438, "v41": 0.01248753143519958, "v42": 0.015761573344178367, "v43": 0.01592041931271839, "v44": 0.015722519057908734, "v45": 0.012230816326406184, "v46": 0.01952749011516985, "v47": 0.014471253786176273, "v48": 0.018464086724711278, "v49": 0.016994792753175045, "v50": 0.012974369508551336, "v51": 0.01813797819702477, "v52": 0.013965057408469848, "v53": 0.018811031971111617, "v54": 0.015812728726358586, "v55": 0.018817353618548527, "v56": 0.016925315900777657, "v57": 0.017252542798196407, "v58": 0.015013243819267023, "v59": 0.01956083634723224, "v60": 0.016439901992296373, "v61": 0.014238550485581796, "v62": 0.016063932141279245, "v63": 0.010191931983093335, "v64": 0.013015748166745493, "v65": 0.016601735374926853, "v66": 0.012900776072104441, "v67": 0.016180154289988417, "v68": 0.01428768700945766, "v69": 0.011354740642224503, "v70": 0.012982823259560308, "v71": 0.01569964910701265, "v72": 0.015908727612481733, "v73": 0.015743252488495788, "v74": 0.016532008198571337, "v75": 0.01652103270001689, "v76": 0.014314184354339739, "v77": 0.018965465958510633, "v78": 0.013675618700478965, "v79": 0.014358649252656269, "v80": 0.01891923355015672, "v81": 0.018061939890460857, "v82": 0.017038885835403663, "v83": 0.01100226887312301, "v84": 0.019194826137446736, "v85": 0.017142412995491116, "v86": 0.019988470065678665, "v87": 0.011494483046579938, "v88": 0.01868126057368214, "v89": 0.011624929346763749, "v90": 0.016155595642838444, "v91": 0.011238199828494416, "v92": 0.018480082293222344, "v93": 0.018073189587250106, "v94": 0.015691007386145935, "v95": 0.014071832972259998, "v96": 0.01069166995455138, "v97": 0.016974287731445638, "v98": 0.01453542682678069, "v99": 0.017220555994703478}