{"v0": 0.017745664242016155, "v1": 0.01485096845431291, "v2": 0.016484137022418282, "v3": 0.017354093600258587, "v4": 0.017378812839173013, "v5": 0.010017378267846724, "v6": 0.010999080737300606, "v7": 0.01363660441104416, "v8": 0.010611974471035419, "v9": 0.01382989702367717, "v10": 0.013895668484721922, "v11": 0.019202335372777397, "v12": 0.01567071854894691, "v13": 0.017063512805336585, "v14": 0.018871986820862285, "v15": 0.014421293206493173, "v16": 0.010019621445973821, "v17": 0.012853360246254138, "v18": 0.018141587000374867, "v19": 0.019018411698000746, "v20": 0.013515095811182211, "v21": 0.012939912529790484, "v22": 0.019245052110687333, "v23": 0.013510737359827801, "v24": 0.016522451880766585, "v25": 0.012803092350505633, "v26": 0.010979187987907415, "v27": 0.015012363117860136, "v28": 0.019232318371181674, "v29": 0.01618640753927305, "v30": 0.012088266247837345, "v31": 0.01682429573367613, "v32": 0.017683611440976327, "v33": 0.013207605619149588, "v34": 0.015592094014310387, "v35": 0.016819531314673224, "v36": 0.011603531453804883, "v37": 0.019641009397724625, "v38": 0.014512519614498419, "v39": 0.019796643904720662, "v40": 0.01189573865844495, "v41": 0.014837735463096444, "v42": 0.011658536536758378, "v43": 0.010101808223839387, "v44": 0.012378751725752028, "v45": 0.014031873370680834, "v46": 0.014311307377242358, "v47": 0.018865051551042046, "v48": 0.01635677263880842, "v49": 0.014344416552185303, "v50": 0.019879976996098128, "v51": 0.016142243316266857, "v52": 0.013226629649849716, "v53": 0.016913108812107946, "v54": 0.014956999226830052, "v55": 0.018811676940681723, "v56": 0.01896511262063321, "v57": 0.013673504001211697, "v58": 0.015623390508601441, "v59": 0.012657734440463055, "v60": 0.016266367517425502, "v61": 0.01992346962319675, "v62": 0.01832588517822184, "v63": 0.013664099003028254, "v64": 0.010953803519934925, "v65": 0.019666819873735142, "v66": 0.013895847786777202, "v67": 0.012933808932668153, "v68": 0.013163353929055675, "v69": 0.014899233666388467, "v70": 0.019567513987490008, "v71": 0.019866223213334915, "v72": 0.012961267273523955, "v73": 0.01351468707747485, "v74": 0.01511806560066037, "v75": 0.010081872886297359, "v76": 0.011748365632441091, "v77": 0.019360590205048066, "v78": 0.010294352370613612, "v79": 0.011009762797205438, "v80": 0.014206470170337188, "v81": 0.017314502491590122, "v82": 0.012688782303903485, "v83": 0.01305965590553891, "v84": 0.013054729801243867, "v85": 0.018726019267536066, "v86": 0.012260976062274179, "v87": 0.015624018260131904, "v88": 0.01999931147018816, "v89": 0.01728465494893018, "v90": 0.01336350655296926, "v91": 0.017654589703324095, "v92": 0.01953915707385609, "v93": 0.013735378071525844, "v94": 0.017080112400693306, "v95": 0.010758042631193891, "v96": 0.018952968367541418, "v97": 0.01096256724624312, "v98": 0.013729250962615947, "v99": 0.015425058428622358, "v100": 0.012635776424502188, "v101": 0.016492693259871776, "v102": 0.015544287273924115, "v103": 0.01717185240298106, "v104": 0.013541393651221608, "v105": 0.015460138896526733, "v106": 0.01812185400181229, "v107": 0.018106963460014558, "v108": 0.017142399748518816, "v109": 0.015419358896149794, "v110": 0.016732611007744952, "v111": 0.010868802901120508, "v112": 0.014713172007107325, "v113": 0.018601435003046493, "v114": 0.016073648217266423, "v115": 0.0194168310582509, "v116": 0.012621785212940809, "v117": 0.010963018021107754, "v118": 0.016266134356038867, "v119": 0.010909259298203805, "v120": 0.01782135363424416, "v121": 0.012567424081490572, "v122": 0.015387518584436566, "v123": 0.018113770403016125, "v124": 0.017880353687002998, "v125": 0.014959750270792087, "v126": 0.019758464133154727, "v127": 0.014976331570908406, "v128": 0.012787914166910556, "v129": 0.013024312445516868, "v130": 0.0174364272387727, "v131": 0.014371070388905937, "v132": 0.014187884847854902, "v133": 0.010204865952699345, "v134": 0.013052781604210494, "v135": 0.018603830798416068, "v136": 0.01803504498227147, "v137": 0.0174651085998266, "v138": 0.0102312838667572, "v139": 0.010269902914316932, "v140": 0.013114649593908826, "v141": 0.014744532722181333, "v142": 0.0190974126798627, "v143": 0.013846298160055394, "v144": 0.012885250028628928, "v145": 0.015711529683047128, "v146": 0.019146942995496945, "v147": 0.017386387114622502, "v148": 0.018566662819793106, "v149": 0.01182197644923033, "v150": 0.011256644453137924, "v151": 0.01544071133688893, "v152": 0.0169737082571725, "v153": 0.019549880481625318, "v154": 0.01371534408456479, "v155": 0.013465568522036966, "v156": 0.015158542979015848, "v157": 0.01684937936706709, "v158": 0.01566023777115303, "v159": 0.01723030693332596, "v160": 0.013803149371124904, "v161": 0.018621976301852416, "v162": 0.011829755935839598, "v163": 0.013159046428283281, "v164": 0.017736776637703174, "v165": 0.013356722539793957, "v166": 0.01668154602370015, "v167": 0.012877976092729608, "v168": 0.011871043424332928, "v169": 0.013007325639531537, "v170": 0.0188699329703788, "v171": 0.014608831286917121, "v172": 0.012254151537382286, "v173": 0.01321438589165044, "v174": 0.01002770956625682, "v175": 0.017558082877570286, "v176": 0.01225677452432802, "v177": 0.015979210402705023, "v178": 0.010251095381771432, "v179": 0.018344984319735178, "v180": 0.011874447536363552, "v181": 0.0100476837776427, "v182": 0.013011878083654256, "v183": 0.01920487118837272, "v184": 0.01262614218044636, "v185": 0.015034788381179113, "v186": 0.014072298443577044, "v187": 0.012942492583320867, "v188": 0.01927353578601571, "v189": 0.017889949080537267, "v190": 0.017619133153738573, "v191": 0.015261071244812397, "v192": 0.01824861673729837, "v193": 0.014584286582112537, "v194": 0.014651895504715556, "v195": 0.014937740634134639, "v196": 0.01236910225224571, "v197": 0.0192365185938699, "v198": 0.012587506748785492, "v199": 0.01198159499939465, "v200": 0.012437517933315854, "v201": 0.01817352116565939, "v202": 0.017685456376763616, "v203": 0.014271068084560683, "v204": 0.010137819046245826, "v205": 0.019757350332508857, "v206": 0.011325309774903633, "v207": 0.018514226765922393, "v208": 0.017817230866307522, "v209": 0.01938075781711365, "v210": 0.01773398539085289, "v211": 0.013313715908270286, "v212": 0.012319140434141694, "v213": 0.013776908204064148, "v214": 0.012030871705166746, "v215": 0.017195747477449508, "v216": 0.018265186324941105, "v217": 0.016464388923972482, "v218": 0.01186092731309102, "v219": 0.010373847110286457, "v220": 0.015804012668569643, "v221": 0.014626731050796135, "v222": 0.011997039281990324, "v223": 0.013680839022202912, "v224": 0.015414662556089533, "v225": 0.016329171122765794, "v226": 0.014766437775428184, "v227": 0.019713928217354078, "v228": 0.01046226400470856, "v229": 0.016582079130268983, "v230": 0.019095579017878256, "v231": 0.01236564211113225, "v232": 0.012137071880691377, "v233": 0.017622328074825822, "v234": 0.01486373794105236, "v235": 0.01992177506697882, "v236": 0.01589123620491712, "v237": 0.01923441933487993, "v238": 0.010122105196634219, "v239": 0.011545396204757051, "v240": 0.016844190447515898, "v241": 0.014164663698974459, "v242": 0.018359645694289804, "v243": 0.014288980925565182, "v244": 0.017129966963549858, "v245": 0.01566160017033458, "v246": 0.011199035673286228, "v247": 0.017179512067070322, "v248": 0.017063718013476982, "v249": 0.011157181512132148, "v250": 0.01561911457807729, "v251": 0.013356500175487184, "v252": 0.014588497820457756, "v253": 0.01422758693030776, "v254": 0.011047744042491887, "v255": 0.011580229862912798, "v256": 0.010868086161436502, "v257": 0.01192447013603362, "v258": 0.018524443864977456, "v259": 0.01024522649262933, "v260": 0.014316172502868561, "v261": 0.018009363887030908, "v262": 0.011002582045273901, "v263": 0.012277135901589646, "v264": 0.01727439707558287, "v265": 0.01647552432593353, "v266": 0.01563023836715166, "v267": 0.011716408166281807, "v268": 0.017945310119658657, "v269": 0.01141414111881296, "v270": 0.011347978947230643, "v271": 0.017950350443033544,