{"v0": 0.013209307346620982, "v1": 0.011368509882064115, "v2": 0.016732901256060716, "v3": 0.01700234488615837, "v4": 0.01752939743714514, "v5": 0.01810639465618555, "v6": 0.0139952668724183, "v7": 0.013732028220044271, "v8": 0.013157931410473115, "v9": 0.014330834623206445, "v10": 0.01871887927000579, "v11": 0.010019144801492812, "v12": 0.01550066178960796, "v13": 0.012236920884343973, "v14": 0.015736520612140918, "v15": 0.010862206343782469, "v16": 0.010847087865800985, "v17": 0.011899865196300662, "v18": 0.019850553188900298, "v19": 0.016458292869635995, "v20": 0.014309832112045243, "v21": 0.013015665748910296, "v22": 0.01580835370898709, "v23": 0.014531982594887133, "v24": 0.014622684083973232, "v25": 0.013848307690594518, "v26": 0.012412362612728604, "v27": 0.010844511630560622, "v28": 0.016861896522022912, "v29": 0.011772498613494494, "v30": 0.014254951976404466, "v31": 0.015872475696234855, "v32": 0.011468561385760944, "v33": 0.015973596892949422, "v34": 0.013621745006519796, "v35": 0.012556023543548461, "v36": 0.015485991053254992, "v37": 0.019890597040360745, "v38": 0.01768586348820017, "v39": 0.012852564620179228, "v40": 0.015015358045552707, "v41": 0.014060705805867785, "v42": 0.01525460663331505, "v43": 0.01691548893098281, "v44": 0.017877416525663464, "v45": 0.019557833701498842, "v46": 0.012950581022789343, "v47": 0.013242552556697127, "v48": 0.010223761817810833, "v49": 0.012996619832906293, "v50": 0.019417090760446565, "v51": 0.01833399541397202, "v52": 0.011189864515595227, "v53": 0.019646399414850177, "v54": 0.018879107082800554, "v55": 0.018580937215558653, "v56": 0.019239820498923286, "v57": 0.015339878628758593, "v58": 0.019709567234917368, "v59": 0.010261969894919657, "v60": 0.015624298763008172, "v61": 0.013730949723873157, "v62": 0.015640670602222115, "v63": 0.018983654129027833, "v64": 0.014493653878465755, "v65": 0.012274521056839901, "v66": 0.013587400672686293, "v67": 0.014457318346793445, "v68": 0.01454933699899107, "v69": 0.013378329106698977, "v70": 0.014626465105596252, "v71": 0.013465196051742678, "v72": 0.013005843945089532, "v73": 0.018612351747818216, "v74": 0.018451637798976482, "v75": 0.012840191839824287, "v76": 0.018921052763229036, "v77": 0.014236606228020539, "v78": 0.013450572247497832, "v79": 0.012143939600391016, "v80": 0.01711004255751433, "v81": 0.0102914475634069, "v82": 0.01600824843654325, "v83": 0.010279792607753902, "v84": 0.012923273978260735, "v85": 0.01973002581278261, "v86": 0.015918348801319836, "v87": 0.012930135467426732, "v88": 0.012883328218439207, "v89": 0.011253944721879532, "v90": 0.013308072903501006, "v91": 0.014503241652590971, "v92": 0.01713720213599531, "v93": 0.01566648546110329, "v94": 0.010418008896352016, "v95": 0.013459898066912461, "v96": 0.010509986649092907, "v97": 0.01938761522149851, "v98": 0.014254845079566404, "v99": 0.015988235487822047}