{"v0": 0.01778345482025909, "v1": 0.019495710534507424, "v2": 0.016625268669500443, "v3": 0.010135716356121099, "v4": 0.016228460955466695, "v5": 0.016736596308357894, "v6": 0.019719450024996657, "v7": 0.018781934713471768, "v8": 0.015096243767199001, "v9": 0.010557146937016064, "v10": 0.014511592145209282, "v11": 0.010199876654087588, "v12": 0.014417109212488455, "v13": 0.019795867288127284, "v14": 0.013594444639693216, "v15": 0.014808935308361628, "v16": 0.016886611828057705, "v17": 0.018804758892525954, "v18": 0.019182354663621448, "v19": 0.012168221376275429, "v20": 0.015651888666048754, "v21": 0.018651025613053852, "v22": 0.015089689606670145, "v23": 0.01916722954019461, "v24": 0.019211576102371997, "v25": 0.010831124926306024, "v26": 0.012777185612810325, "v27": 0.010093567048565327, "v28": 0.01842342079667731, "v29": 0.016471741401875555, "v30": 0.018413861191973545, "v31": 0.012647301642834497, "v32": 0.01397820752758629, "v33": 0.015528214798875714, "v34": 0.01164940460241884, "v35": 0.0136980809274834, "v36": 0.011464417627291123, "v37": 0.01569618405923307, "v38": 0.017037372792899165, "v39": 0.012884764370485286, "v40": 0.01433288061982044, "v41": 0.017561066938650408, "v42": 0.013960982754233624, "v43": 0.01896038387509077, "v44": 0.01638921076231313, "v45": 0.018915544372256773, "v46": 0.016800555694634123, "v47": 0.014491977382183722, "v48": 0.01978570928420717, "v49": 0.011162019096123944}