{"v0": 0.013676261733862233, "v1": 0.01726227183095421, "v2": 0.016780594102120128, "v3": 0.011446911394636777, "v4": 0.011680425213679799, "v5": 0.01064435445245756, "v6": 0.01264332757951716, "v7": 0.013483567530840184, "v8": 0.010882482395723328, "v9": 0.016022291768963456, "v10": 0.017143757403112456, "v11": 0.011572221007879543, "v12": 0.013421375126072166, "v13": 0.017272499063287816, "v14": 0.01663317924200655, "v15": 0.018544600280930273, "v16": 0.015546033889944744, "v17": 0.010257564595295827, "v18": 0.010573206239556005, "v19": 0.010800610933404337, "v20": 0.015171372763282698, "v21": 0.017551061787832722, "v22": 0.010322732882060797, "v23": 0.014566875932585547, "v24": 0.018247977056146468, "v25": 0.01668605847785913, "v26": 0.015459175964679045, "v27": 0.015888117095998203, "v28": 0.01896479999522039, "v29": 0.01575077812446104, "v30": 0.014218192202859446, "v31": 0.017029517107877014, "v32": 0.01357207424112111, "v33": 0.019729117433524027, "v34": 0.018723025098826958, "v35": 0.011566534913641053, "v36": 0.016841257283054842, "v37": 0.010340707653049808, "v38": 0.018852072743848397, "v39": 0.018448535836005073, "v40": 0.015101279999339284, "v41": 0.011276886415406709, "v42": 0.01621473036237933, "v43": 0.012393370041497447, "v44": 0.01630871067068255, "v45": 0.01693745712486141, "v46": 0.011062549099341993, "v47": 0.01476945891702155, "v48": 0.015855933811351756, "v49": 0.012536257077523816, "v50": 0.012010102858659388, "v51": 0.016378557495168762, "v52": 0.017607435651046117, "v53": 0.013591106547826371, "v54": 0.01708897557352994, "v55": 0.01587375308023912, "v56": 0.01809593381855954, "v57": 0.01204072061530329, "v58": 0.017963967653593232, "v59": 0.012664079022209859, "v60": 0.012982644208891001, "v61": 0.01978172173587562, "v62": 0.010460135767426118, "v63": 0.011897536165260781, "v64": 0.015208747951515722, "v65": 0.013759942708848375, "v66": 0.01242099708285856, "v67": 0.01684552739147324, "v68": 0.016692369637703354, "v69": 0.01963740995048686, "v70": 0.018786003749184793, "v71": 0.019974361275579444, "v72": 0.013628879967430344, "v73": 0.01045234490084726, "v74": 0.013252968076495019, "v75": 0.014969147486079186, "v76": 0.011721957074192855, "v77": 0.010850760750336912, "v78": 0.014527288590877395, "v79": 0.019326655315439013, "v80": 0.01763165007542282, "v81": 0.013114860684923213, "v82": 0.01888615495047261, "v83": 0.01697274292619466, "v84": 0.014633440167565256, "v85": 0.012646195296897231, "v86": 0.01575533888310394, "v87": 0.011949010038267555, "v88": 0.017412316659101857, "v89": 0.019369278798585663, "v90": 0.016592678664279884, "v91": 0.017249940940432137, "v92": 0.011644884116937721, "v93": 0.01748223968273977, "v94": 0.014973568393326229, "v95": 0.010873826898370001, "v96": 0.013864474062880177, "v97": 0.01729448114085988, "v98": 0.015782103491419366, "v99": 0.013063826511974809, "v100": 0.019887490030926776, "v101": 0.015740318396283186, "v102": 0.0194494919223576, "v103": 0.015597742312947367, "v104": 0.015646665355933134, "v105": 0.010511704377916617, "v106": 0.01104078766365685, "v107": 0.016144380631064, "v108": 0.01731633713286918, "v109": 0.012440324279558452, "v110": 0.01963975725867674, "v111": 0.017412380741303433, "v112": 0.01238011277490479, "v113": 0.016444202813723996, "v114": 0.013397563795229198, "v115": 0.017274807400981557, "v116": 0.015845925768881226, "v117": 0.01756653717309404, "v118": 0.012514637879892241, "v119": 0.019322953086416045, "v120": 0.019930013144781218, "v121": 0.01164532719655932, "v122": 0.015129053230612274, "v123": 0.018634762184870424, "v124": 0.013476979886654911, "v125": 0.012426373266109082, "v126": 0.01731065209174404, "v127": 0.019775178232106564, "v128": 0.015037478187577901, "v129": 0.013924305687545057, "v130": 0.013919328654391414, "v131": 0.017945064590513662, "v132": 0.01706061007214061, "v133": 0.013189173264340959, "v134": 0.01974588656145021, "v135": 0.01891580486974425, "v136": 0.017009280635401254, "v137": 0.014407771926038388, "v138": 0.012072959801559216, "v139": 0.016649647021455754, "v140": 0.017538900662482235, "v141": 0.016040775469649427, "v142": 0.014956167803712478, "v143": 0.011180415646947476, "v144": 0.017847305693588857, "v145": 0.014915914271695155, "v146": 0.018541148850495633, "v147": 0.01134818645689642, "v148": 0.01965089384336652, "v149": 0.014912010411160262, "v150": 0.010723503684191603, "v151": 0.012801137483058372, "v152": 0.019025802071006133, "v153": 0.013340179486311925, "v154": 0.01970078102791018, "v155": 0.014441214092546121, "v156": 0.013670462444410367, "v157": 0.017897696137224098, "v158": 0.014671194071688369, "v159": 0.010755665621924999, "v160": 0.018288409062040864, "v161": 0.01790462289684008, "v162": 0.015149929145106603, "v163": 0.010096833169852484, "v164": 0.011363570073540613, "v165": 0.01711990576678319, "v166": 0.01590857549922902, "v167": 0.017000445015159356, "v168": 0.01360934472634138, "v169": 0.01629376708224279, "v170": 0.014348266364174734, "v171": 0.014138010201694477, "v172": 0.014150326178384659, "v173": 0.010320556187840516, "v174": 0.010609950067815739, "v175": 0.01849319163761012, "v176": 0.016955255399409917, "v177": 0.01230411701632115, "v178": 0.011181267016747758, "v179": 0.010407102624953687, "v180": 0.014797071533549321, "v181": 0.015879671251560833, "v182": 0.018979559361404198, "v183": 0.01920271754339812, "v184": 0.013662443196462556, "v185": 0.019308394544480023, "v186": 0.015457793402968007, "v187": 0.01574091895517122, "v188": 0.011786356383568154, "v189": 0.011158614533443828, "v190": 0.01244376072469455, "v191": 0.011242888938909448, "v192": 0.012232916696542482, "v193": 0.015398133777638715, "v194": 0.018682549840773978, "v195": 0.017949877862386675, "v196": 0.01032356232560799, "v197": 0.016985574097306694, "v198": 0.010467917881120638, "v199": 0.019980254861986478, "v200": 0.017841143502938674, "v201": 0.012313817795607456, "v202": 0.014901102649855183, "v203": 0.01744101230952888, "v204": 0.018398065242143144, "v205": 0.012288573901991569, "v206": 0.011339488907029939, "v207": 0.019310765925671554, "v208": 0.01670761655944734, "v209": 0.01876284891257797, "v210": 0.012323831543014594, "v211": 0.011286966139775199, "v212": 0.013503251855928997, "v213": 0.012526999344534658, "v214": 0.010727540846455906, "v215": 0.016444791031250725, "v216": 0.012512119615032454, "v217": 0.014502244692295257, "v218": 0.012883005533693908, "v219": 0.0192119220841902, "v220": 0.01450209164077744, "v221": 0.018798566872314286, "v222": 0.010440163622931932, "v223": 0.015358019196743568, "v224": 0.014527304964267199, "v225": 0.013261176923479409, "v226": 0.013001894580146126, "v227": 0.012667881580450832, "v228": 0.011995295334765656, "v229": 0.014926324326786845, "v230": 0.013451377710351705, "v231": 0.013306005296796998, "v232": 0.01066207172465567, "v233": 0.010138650463037841, "v234": 0.019116567558329765, "v235": 0.014137584288128748, "v236": 0.016770445393302864, "v237": 0.014523989650068632, "v238": 0.012006376706855684, "v239": 0.019294751866998333, "v240": 0.011226619833345953, "v241": 0.014813752290461304, "v242": 0.010917280964922015, "v243": 0.012292760939794544, "v244": 0.01685414932707772, "v245": 0.015264125392686958, "v246": 0.015500545092763138, "v247": 0.018322388610488995, "v248": 0.010607781563034317, "v249": 0.01904826707881068, "v250": 0.016512275625691013, "v251": 0.016409073259832502, "v252": 0.01030208200221242, "v253": 0.019100726167981908, "v254": 0.010279819911593593, "v255": 0.011854479699276207, "v256": 0.018959111920856545, "v257": 0.011267276712425332, "v258": 0.013979881574559927, "v259": 0.017600492013625405, "v260": 0.015629474419315365, "v261": 0.01730478052203937, "v262": 0.011928461000168221, "v263": 0.014120524434335601, "v264": 0.01498388097740393, "v265": 0.012436235246608987, "v266": 0.019979175244355427, "v267": 0.016711155743722395, "v268": 0.01883779436669545, "v269": 0.013929667748574587, "v270": 0.019248398163414324, "v271": 0.012516267562253556,