{"v0": 0.014880562806489545, "v1": 0.013556127378499556, "v2": 0.01940431945252813, "v3": 0.017653252538069653, "v4": 0.017486636198505472, "v5": 0.019037197397459335, "v6": 0.010834224354420186, "v7": 0.015521924699224067, "v8": 0.015844760689557688, "v9": 0.019619363785472292, "v10": 0.012921475267925489, "v11": 0.012408287799154469, "v12": 0.011002939422654978, "v13": 0.010164296295914742, "v14": 0.019295293167921904, "v15": 0.0166991654659091, "v16": 0.01785152912023138, "v17": 0.01281730105753949, "v18": 0.015864101661863268, "v19": 0.010639552661209811, "v20": 0.01485627595934623, "v21": 0.01977495139744447, "v22": 0.01876505245316591, "v23": 0.013381589518368457, "v24": 0.019615701545414983, "v25": 0.012317016264712046, "v26": 0.019493188224156813, "v27": 0.019413777047064987, "v28": 0.017992025873523915, "v29": 0.016304479368667912, "v30": 0.01874287966624947, "v31": 0.012930202845077968, "v32": 0.018489435553129183, "v33": 0.01617876691917524, "v34": 0.010132368577588995, "v35": 0.013472335179322196, "v36": 0.011481408609481651, "v37": 0.019818293898182533, "v38": 0.01478370307039988, "v39": 0.014973913654986628, "v40": 0.016394725163987236, "v41": 0.013685846061296175, "v42": 0.011369002716855989, "v43": 0.018221177331942458, "v44": 0.01189847911902758, "v45": 0.01511318982546456, "v46": 0.012243170289747394, "v47": 0.01097844484494034, "v48": 0.01862191517421683, "v49": 0.019729194890231304, "v50": 0.01960834658063, "v51": 0.01906555499221179, "v52": 0.01774047332698639, "v53": 0.01333145152028642, "v54": 0.010811013899879967, "v55": 0.014072411714138073, "v56": 0.012322341421709428, "v57": 0.01132487634757983, "v58": 0.010534271817868254, "v59": 0.017255943642105788, "v60": 0.01011427458625031, "v61": 0.017705807485027765, "v62": 0.01146946645400375, "v63": 0.010795220825867558, "v64": 0.010896030342386055, "v65": 0.016720478073539144, "v66": 0.012453672098528448, "v67": 0.014205394666800986, "v68": 0.01557368791323917, "v69": 0.018605511738287936, "v70": 0.017270442627113282, "v71": 0.012703279052387146, "v72": 0.011314827992911277, "v73": 0.01055374320421198, "v74": 0.013015986344809424, "v75": 0.012621181492396782, "v76": 0.014561405668004797, "v77": 0.016832813355476803, "v78": 0.016956254456388573, "v79": 0.012835188465821667, "v80": 0.013799269559001206, "v81": 0.01181150961736903, "v82": 0.017885455123065188, "v83": 0.010568480764332403, "v84": 0.016969972417249873, "v85": 0.017786953959411034, "v86": 0.017774075618487532, "v87": 0.01259422564345355, "v88": 0.013738131379325615, "v89": 0.015875996351963892, "v90": 0.012728219024244671, "v91": 0.013708527992178888, "v92": 0.011970542801856396, "v93": 0.014598558837560074, "v94": 0.010446123012541142, "v95": 0.01799795884570618, "v96": 0.010769564469866327, "v97": 0.01518835148831526, "v98": 0.013068100995451961, "v99": 0.015775429488313755}