{"v0": 0.012146562633172235, "v1": 0.0153389001226, "v2": 0.011667843215935489, "v3": 0.011333333577990412, "v4": 0.016915134205241916, "v5": 0.012207182324645375, "v6": 0.01795640360230687, "v7": 0.015300895986649642, "v8": 0.01837756013904924, "v9": 0.01306394959639302, "v10": 0.015609702728131357, "v11": 0.015829330646012257, "v12": 0.012367486586294017, "v13": 0.017274122885429313, "v14": 0.016939343619635536, "v15": 0.0182345627694699, "v16": 0.015518466523807924, "v17": 0.014732556139099021, "v18": 0.013151516741043872, "v19": 0.01429915089589208, "v20": 0.01591374013878934, "v21": 0.012816076944506507, "v22": 0.015077000436118898, "v23": 0.017300771628940847, "v24": 0.014380186747184314, "v25": 0.012242370844344458, "v26": 0.014401470484034746, "v27": 0.018532656653891085, "v28": 0.015669934214114438, "v29": 0.017064566671387303, "v30": 0.011979169819148263, "v31": 0.011437808988654144, "v32": 0.012106526908858833, "v33": 0.0170868351612481, "v34": 0.018765331072606285, "v35": 0.019861729193691228, "v36": 0.018774700911728864, "v37": 0.018635424094778127, "v38": 0.017663886025863784, "v39": 0.019885449819205293, "v40": 0.010605819177362077, "v41": 0.017016993941897075, "v42": 0.017450964493553493, "v43": 0.014803956305686386, "v44": 0.01963662507107785, "v45": 0.016828036176414502, "v46": 0.01487688898193303, "v47": 0.015342000703605967, "v48": 0.01879231476678652, "v49": 0.015034720587607436, "v50": 0.016024780608171762, "v51": 0.01866867764386966, "v52": 0.015885418484478043, "v53": 0.019223385033135247, "v54": 0.012749653726947176, "v55": 0.013909385248983528, "v56": 0.011246137911086378, "v57": 0.012947683267009786, "v58": 0.01589715636071134, "v59": 0.01746960821700294, "v60": 0.011741519878849107, "v61": 0.01069848748193192, "v62": 0.014974059922566733, "v63": 0.014566197998018603, "v64": 0.014660780896362389, "v65": 0.013777586701865999, "v66": 0.010499882229642807, "v67": 0.016772571202581407, "v68": 0.011452880813786785, "v69": 0.013278990469172303, "v70": 0.018426113605191106, "v71": 0.01931734902682424, "v72": 0.01117062477956925, "v73": 0.012430503606934925, "v74": 0.01888092766198274, "v75": 0.012903945825177251, "v76": 0.010716697079577292, "v77": 0.018833930293096095, "v78": 0.01393074047232398, "v79": 0.010642035953836644, "v80": 0.011683112863323526, "v81": 0.01771698616454892, "v82": 0.015163124035147416, "v83": 0.016909842804185532, "v84": 0.01629646544539866, "v85": 0.01621830097516879, "v86": 0.012148217961871455, "v87": 0.01556103594831108, "v88": 0.012988509903273753, "v89": 0.010840110502588145, "v90": 0.015425345430413517, "v91": 0.01213937903511574, "v92": 0.019872292491913957, "v93": 0.019308026034538614, "v94": 0.011517747513429575, "v95": 0.01330532983962763, "v96": 0.010461467889201896, "v97": 0.014720695896275043, "v98": 0.01082860045889764, "v99": 0.019631217356456884, "v100": 0.01605378237301805, "v101": 0.013233180577047582, "v102": 0.013745613176629538, "v103": 0.017501597120913058, "v104": 0.01661438109663253, "v105": 0.01318880732367832, "v106": 0.01887595047760711, "v107": 0.01839048093244497, "v108": 0.010777819575903234, "v109": 0.010467395001711443, "v110": 0.018208320294659165, "v111": 0.013657948408689478, "v112": 0.010134866990609767, "v113": 0.01095567448673127, "v114": 0.018364598772865524, "v115": 0.01814435112503733, "v116": 0.01735623412268726, "v117": 0.013673164503438088, "v118": 0.012541430193548437, "v119": 0.018737776689000875, "v120": 0.011662690402810701, "v121": 0.014262528076584345, "v122": 0.01876488148788276, "v123": 0.014675067501362566, "v124": 0.01357009848856403, "v125": 0.015109925579534618, "v126": 0.018186974692378677, "v127": 0.014788420896952276, "v128": 0.015746488808134954, "v129": 0.01392361179550984, "v130": 0.015363611282843748, "v131": 0.018066472143868938, "v132": 0.01547829784734818, "v133": 0.014962530521669567, "v134": 0.014710255110355203, "v135": 0.017764674685787053, "v136": 0.01228173010821239, "v137": 0.01424629970539527, "v138": 0.01307607763898953, "v139": 0.011179298273847636, "v140": 0.016202772322510814, "v141": 0.016621217503250216, "v142": 0.010971798608190624, "v143": 0.019252819098411374, "v144": 0.015913216104884907, "v145": 0.012808108000507995, "v146": 0.01020539401256256, "v147": 0.015409532661551146, "v148": 0.013326636225493297, "v149": 0.019792677262689448, "v150": 0.01966488669146854, "v151": 0.01480426336321634, "v152": 0.016851275984093295, "v153": 0.015798978628063384, "v154": 0.01102110623663719, "v155": 0.012743169204845712, "v156": 0.011750459267260063, "v157": 0.013225489304667486, "v158": 0.012690975334685264, "v159": 0.01239067216796198, "v160": 0.017546058030760217, "v161": 0.01849470972754061, "v162": 0.014571208954777705, "v163": 0.017764368962736445, "v164": 0.011045615463462473, "v165": 0.01806871720757778, "v166": 0.016195243641086578, "v167": 0.01709993682940276, "v168": 0.011778878800718266, "v169": 0.019069090346135277, "v170": 0.014041602597093337, "v171": 0.011371185320809133, "v172": 0.01764902440167252, "v173": 0.017877634867457838, "v174": 0.015001676584926819, "v175": 0.012737765152036506, "v176": 0.01087330634683627, "v177": 0.013368809049886878, "v178": 0.015952822170678387, "v179": 0.01747713337688372, "v180": 0.018885960060029593, "v181": 0.01569965962190785, "v182": 0.01106222282221176, "v183": 0.016830549307956823, "v184": 0.01027818717609683, "v185": 0.017635423018423416, "v186": 0.014724474526192705, "v187": 0.01687268442756345, "v188": 0.018369288385935358, "v189": 0.0129731223478859, "v190": 0.015537234261001688, "v191": 0.012726723012272243, "v192": 0.01712816581345915, "v193": 0.014163842456053004, "v194": 0.013058824561639204, "v195": 0.019092637730653055, "v196": 0.01128783061487342, "v197": 0.011386008860397003, "v198": 0.014824534270132663, "v199": 0.017586139750042386, "v200": 0.010784515862129385, "v201": 0.018695322249520696, "v202": 0.010426671033715012, "v203": 0.01095840049481824, "v204": 0.014750519240034097, "v205": 0.014531130739448762, "v206": 0.012867462444089853, "v207": 0.019376791761195077, "v208": 0.015813674591331803, "v209": 0.010346667128446028, "v210": 0.01741562581766996, "v211": 0.011865242257954878, "v212": 0.017492335998210592, "v213": 0.015561358505205866, "v214": 0.010074500794360406, "v215": 0.018323990467758906, "v216": 0.015105112664995098, "v217": 0.01789193264579217, "v218": 0.014454380752404548, "v219": 0.018491438874687287, "v220": 0.018522298381768124, "v221": 0.015330676148912072, "v222": 0.016924752586427377, "v223": 0.013609241380641856, "v224": 0.018286080965473107, "v225": 0.01234394594407826, "v226": 0.019415430640919384, "v227": 0.013298876034370216, "v228": 0.016994801009772187, "v229": 0.012010693756752849, "v230": 0.01084299852621248, "v231": 0.012096198564804447, "v232": 0.019986256904580932, "v233": 0.019758480660305548, "v234": 0.01030841284106408, "v235": 0.014821793494294107, "v236": 0.016586498907627128, "v237": 0.011215968183754125, "v238": 0.013731111873970085, "v239": 0.012746420865406236, "v240": 0.015167698372531242, "v241": 0.012896728569123193, "v242": 0.014350515036057792, "v243": 0.012957232317623928, "v244": 0.010156742331544838, "v245": 0.018440593214483325, "v246": 0.01858675739608199, "v247": 0.019654086426104847, "v248": 0.017334121268058236, "v249": 0.018122123508018402, "v250": 0.010627724367432487, "v251": 0.019605175942139695, "v252": 0.013058314804541222, "v253": 0.010472746719788503, "v254": 0.01591190384760242, "v255": 0.01051221312108686, "v256": 0.01191070685853984, "v257": 0.019715761893662323, "v258": 0.015988926692074197, "v259": 0.017839472700578514, "v260": 0.010141583641886, "v261": 0.014387314737159538, "v262": 0.014220256817505094, "v263": 0.017849475226010506, "v264": 0.012359063993909323, "v265": 0.013957601360103086, "v266": 0.010453565251949409, "v267": 0.013569092268788248, "v268": 0.011548495194648536, "v269": 0.018945554498286124, "v270": 0.019108151546194354, "v271": 0.019859253305484145,