{"v0": 0.011286966139775199, "v1": 0.013503251855928997, "v2": 0.012526999344534658, "v3": 0.010727540846455906, "v4": 0.016444791031250725, "v5": 0.012512119615032454, "v6": 0.014502244692295257, "v7": 0.012883005533693908, "v8": 0.0192119220841902, "v9": 0.01450209164077744, "v10": 0.018798566872314286, "v11": 0.010440163622931932, "v12": 0.015358019196743568, "v13": 0.014527304964267199, "v14": 0.013261176923479409, "v15": 0.013001894580146126, "v16": 0.012667881580450832, "v17": 0.011995295334765656, "v18": 0.014926324326786845, "v19": 0.013451377710351705, "v20": 0.013306005296796998, "v21": 0.01066207172465567, "v22": 0.010138650463037841, "v23": 0.019116567558329765, "v24": 0.014137584288128748, "v25": 0.016770445393302864, "v26": 0.014523989650068632, "v27": 0.012006376706855684, "v28": 0.019294751866998333, "v29": 0.011226619833345953, "v30": 0.014813752290461304, "v31": 0.010917280964922015, "v32": 0.012292760939794544, "v33": 0.01685414932707772, "v34": 0.015264125392686958, "v35": 0.015500545092763138, "v36": 0.018322388610488995, "v37": 0.010607781563034317, "v38": 0.01904826707881068, "v39": 0.016512275625691013, "v40": 0.016409073259832502, "v41": 0.01030208200221242, "v42": 0.019100726167981908, "v43": 0.010279819911593593, "v44": 0.011854479699276207, "v45": 0.018959111920856545, "v46": 0.011267276712425332, "v47": 0.013979881574559927, "v48": 0.017600492013625405, "v49": 0.015629474419315365, "v50": 0.01730478052203937, "v51": 0.011928461000168221, "v52": 0.014120524434335601, "v53": 0.01498388097740393, "v54": 0.012436235246608987, "v55": 0.019979175244355427, "v56": 0.016711155743722395, "v57": 0.01883779436669545, "v58": 0.013929667748574587, "v59": 0.019248398163414324, "v60": 0.012516267562253556, "v61": 0.011578838702606023, "v62": 0.017868600273152985, "v63": 0.01973016632757344, "v64": 0.010620358205215771, "v65": 0.01100002676995484, "v66": 0.013178978693409603, "v67": 0.015259509385903215, "v68": 0.017042712939311186, "v69": 0.019555505485464485, "v70": 0.01117819738033705, "v71": 0.013563149816986161, "v72": 0.012662839884258186, "v73": 0.01807418527200115, "v74": 0.011635587947677568, "v75": 0.018768395705901733, "v76": 0.01773710405702864, "v77": 0.018838186377211654, "v78": 0.01969167754546361, "v79": 0.015734439378411604, "v80": 0.014584124344457383, "v81": 0.014850305333941879, "v82": 0.01895512934204844, "v83": 0.012086833295059047, "v84": 0.013753504318273385, "v85": 0.01641132931719528, "v86": 0.01716032648554444, "v87": 0.010563721621190191, "v88": 0.01978153735661209, "v89": 0.013314519219564752, "v90": 0.012060635374215567, "v91": 0.013071729507489601, "v92": 0.019847724724695724, "v93": 0.016685771566807856, "v94": 0.012452779420504144, "v95": 0.012010960178884254, "v96": 0.01074895165845707, "v97": 0.013632139786175576, "v98": 0.018237531602630242, "v99": 0.012754252637030249}