{"instance": "models/slipgrid/double_pmc_size=10_params=10_seed=0.drn", "Type": "pMC", "Formula": "Rmin=? [F \"goal\"]", "Engine": "spsolve", "States": 199, "Transitions": 595, "Parameters": 10, "Solution": 1.881881, "Model instantiate [s]": 0.000376, "Model verify [s]": 0.001004, "Num. derivatives": 10, "LP (define matrices) [s]": 0.022316, "LP (solve) [s]": 0.011528, "Max. derivatives": [0.075153, 0.033824, 0.563926, -0.068319, -0.116372, 0.365014, -0.501331, -0.083646, -0.120749, -0.375485], "Argmax. derivatives": ["v5", "v0", "v3", "v7", "v9", "v2", "v4", "v6", "v8", "v1"], "Max. validation": [0.075283, 0.033943, 0.56429, -0.068318, -0.116368, 0.365089, -0.501248, -0.083637, -0.120744, -0.375396], "Difference %": [0.00173, 0.003518, 0.000646, -2e-05, -3.9e-05, 0.000205, -0.000166, -0.000113, -4.3e-05, -0.000239]}