{"instance": "models/slipgrid/double_pmc_size=10_params=10_seed=0.drn", "Type": "prMC", "Formula": "Rmin=? [F \"goal\"]", "Engine": "spsolve", "States": 199, "Transitions": 595, "Parameters": 10, "Solution": 1.159641, "Model instantiate [s]": 0.036345, "Model verify [s]": 1.219046, "Num. derivatives": 10, "LP (define matrices) [s]": 0.026091, "LP (solve) [s]": 0.027388, "Max. derivatives": [2e-05, 4.8e-05, 6.6e-05, 2.9e-05, 3.1e-05, 5.4e-05, 6.5e-05, 1.7e-05, 9e-06, 2.4e-05], "Argmax. derivatives": ["v1", "v5", "v0", "v3", "v7", "v9", "v2", "v4", "v6", "v8"], "Max. validation": [2.4e-05, 2e-05, 4.8e-05, 6.6e-05, 2.9e-05, 3.1e-05, 5.4e-05, 6.5e-05, 1.7e-05, 9e-06], "Difference %": [0.154681, -0.577697, -0.263541, 1.23791, -0.056319, -0.423377, -0.173387, 2.76758, 0.856182, -0.604437]}