;derivative_mean;derivative_min;derivative_max;expVisits_mean;expVisits_min;expVisits_max;samples_mean;samples_min;samples_max;random_mean;random_min;random_max
0;44.480000000000004;44.48;44.48;44.480000000000004;44.48;44.48;44.480000000000004;44.48;44.48;44.480000000000004;44.48;44.48
1;42.656000000000006;41.09;44.15;42.656000000000006;41.09;44.15;42.661;41.09;44.31;43.665;42.9;44.19
