{"instance": "models/pmdp/wlan/wlan0_param.nm", "Type": "prMC", "Formula": "R{\"time\"}max=? [ F s1=12 | s2=12 ]", "Engine": "spsolve", "States": 2711, "Transitions": 4877, "Parameters": 15, "Solution": 27078.72908, "Model instantiate [s]": 0.419976, "Model verify [s]": 27.239199, "Num. derivatives": 20, "LP (define matrices) [s]": 0.056328, "LP (solve) [s]": 2.364923, "Max. derivatives": [-12.86521, 0.0, -2.3e-05, 0.0, 0.0, 0.0, -1.5e-05, -21.458933, -4.6e-05, -2.3e-05, -2.3e-05, -2.3e-05, -2.3e-05, -2.3e-05, -2.3e-05, -2.3e-05, -2.3e-05, -0.316554, -1.110632, 0.0], "Argmax. derivatives": ["param5", "param42", "param10", "param43", "param44", "param45", "param8", "param22", "param9", "param11", "param12", "param13", "param14", "param15", "param16", "param17", "param18", "param19", "param20", "param46"], "Max. validation": [-12.865194, 0.0, -2.3e-05, 0.0, 0.0, 0.0, -1.5e-05, -21.458899, -4.6e-05, -2.3e-05, -2.3e-05, -2.3e-05, -2.3e-05, -2.3e-05, -2.3e-05, -2.3e-05, -2.3e-05, -0.316553, -1.110631, 0.0], "Difference %": [-1e-06, NaN, 8.6e-05, NaN, NaN, NaN, 8.6e-05, -2e-06, 6e-06, 8.6e-05, 8.6e-05, 8.6e-05, 8.6e-05, 8.6e-05, 8.6e-05, 8.6e-05, 8.6e-05, -1e-06, -1e-06, NaN]}