{"instance": "models/pomdp/maze/maze_simple_extended_m5.drn", "Type": "pMC", "Formula": "Rmin=? [F \"goal\"]", "Engine": "spsolve", "States": 1303, "Transitions": 2658, "Parameters": 590, "Solution": 79.810651, "Model parse [s]": 0.057874, "Model instantiate [s]": 0.090394, "Model verify [s]": 0.002249, "Num. derivatives": 10, "Differentiate one [s]": 0.001875, "Differentiate explicitly [s]": 1.106, "LP (define matrices) [s]": 0.253289, "LP (solve) [s]": 0.041083, "Max. derivatives": [21.658322, 21.658322, 28.056441, 28.056441, 11.955394, 14.02822, 11.955394, 21.658322, 14.02822, 28.056441], "Argmax. derivatives": ["p15_0", "p17_0", "p93_0", "p91_0", "p75_0", "p99_0", "p73_0", "p16_0", "p97_0", "p95_0"]}