{"Instance": "models/pmdp/CSMA/csma2_4_param.nm", "Type": "pMC", "Formula": "R{\"time\"}max=? [ F \"all_delivered\" ]", "States": 7958, "Transitions": 10594, "Parameters": 26, "Solution": 98.576406, "Model instantiate [s]": 0.004272, "Model verify [s]": 1.233873, "Num. derivatives": 10, "Differentiate one [s]": 0.001721, "Differentiate explicitly [s]": 0.045, "LP (define matrices) [s]": 0.7909, "LP (solve) [s]": 0.059441, "Max. derivatives": [-17.260095, -17.01962, -15.513445, -14.65566, -13.661272, -12.464594, -11.14888, -9.651425, -7.98167, -6.153132], "Argmax. derivatives": ["p23_7", "p24_7", "p24_8", "p24_9", "p24_10", "p24_11", "p24_12", "p24_13", "p24_14", "p24_15"], "Max. validation": [-17.25983, -17.019559, -15.513365, -14.655556, -13.661148, -12.464456, -11.148734, -9.651275, -7.981522, -6.152991], "Difference %": [-0.0, -0.0, -0.0, -0.0, -0.0, -0.0, -0.0, -0.0, -0.0, -0.0]}