{"Instance": "models/pomdp/maze/maze_simple_extended_m5.drn", "Type": "prMC", "Formula": "Rmin=? [F \"goal\"]", "States": 1303, "Transitions": 2658, "Parameters": 590, "Solution": 177.766705, "Model instantiate [s]": 1.091504, "Model verify [s]": 6.51787, "Num. derivatives": 10, "Differentiate one [s]": 0.006014, "Differentiate explicitly [s]": 3.548, "LP (define matrices) [s]": 0.101509, "LP (solve) [s]": 0.038381, "Max. derivatives": [-0.001994, -0.002968, -0.006235, -0.00296, -0.002541, -0.001998, -0.006251, -0.003957, -0.003357, -0.005342], "Argmax. derivatives": ["param537", "param358", "param439", "param359", "param360", "param191", "param342", "param340", "param241", "param290"], "Max. validation": [-0.001994, -0.002968, -0.006235, -0.00296, -0.002541, -0.001998, -0.006251, -0.003957, -0.003357, -0.005342], "Difference %": [-0.0, -0.0, -0.0, -0.0, -0.0, -0.0, -0.0, -0.0, -0.0, -0.0]}