{"Instance": "models/pomdp/maze/maze_simple_extended_m5.drn", "Type": "pMC", "Formula": "Rmin=? [F \"goal\"]", "States": 1303, "Transitions": 2658, "Parameters": 590, "Solution": 79.810651, "Model instantiate [s]": 0.005368, "Model verify [s]": 0.355543, "Num. derivatives": 10, "Differentiate one [s]": 0.003466, "Differentiate explicitly [s]": 2.045, "LP (define matrices) [s]": 0.155529, "LP (solve) [s]": 0.025331, "Max. derivatives": [11.955394, 11.955394, 14.02822, 28.056441, 21.658322, 28.056441, 21.658322, 14.02822, 21.658322, 28.056441], "Argmax. derivatives": ["p73_0", "p71_0", "p97_0", "p95_0", "p15_0", "p91_0", "p16_0", "p99_0", "p17_0", "p93_0"], "Max. validation": [11.955459, 11.955454, 14.028437, 28.057109, 21.658358, 28.057088, 21.658422, 14.028377, 21.658377, 28.057111], "Difference %": [0.0, 0.0, 0.0, 0.0, 0.0, 0.0, 0.0, 0.0, 0.0, 0.0]}