{"Instance": "models/pomdp/maze/maze_simple_extended_m5.drn", "Type": "prMC", "Formula": "Rmin=? [F \"goal\"]", "States": 1303, "Transitions": 2658, "Parameters": 590, "Solution": 177.80919, "Model instantiate [s]": 0.71941, "Model verify [s]": 7.002048, "Num. derivatives": 10, "Differentiate one [s]": 0.005314, "Differentiate explicitly [s]": 3.135, "LP (define matrices) [s]": 0.088651, "LP (solve) [s]": 0.035732, "Max. derivatives": [-0.002525, -0.002956, -0.002965, -0.003454, -0.003817, -0.001998, -0.005363, -0.001982, -0.006304, -0.006219], "Argmax. derivatives": ["param359", "param360", "param358", "param340", "param241", "param310", "param290", "param537", "param439", "param342"], "Max. validation": [-0.002525, -0.002956, -0.002965, -0.003454, -0.003817, -0.001998, -0.005363, -0.001982, -0.006304, -0.006219], "Difference %": [-0.0, -0.0, -0.0, -0.0, -0.0, -0.0, -0.0, -0.0, -0.0, -0.0]}