{"Instance": "models/pomdp/drone/pomdp_drone_4-2-mem1-simple.drn", "Type": "pMC", "Formula": "P=? [\"notbad\" U \"goal\"]", "States": 4179, "Transitions": 9414, "Parameters": 1053, "Solution": 0.112451, "Model instantiate [s]": 0.008606, "Model verify [s]": 0.819437, "Num. derivatives": 10, "Differentiate one [s]": 0.025608, "Differentiate explicitly [s]": 26.965, "LP (define matrices) [s]": 0.356523, "LP (solve) [s]": 0.284726, "Max. derivatives": [0.015796, 0.018245, 0.030419, 0.024846, 0.016997, 0.017681, 0.023876, 0.043046, 0.016325, 0.019948], "Argmax. derivatives": ["p341_0", "p665_0", "p1380_0", "p735_0", "p768_0", "p537_0", "p1244_0", "p1460_0", "p804_0", "p1382_0"], "Max. validation": [0.015796, 0.018245, 0.030419, 0.024846, 0.016997, 0.01768, 0.023876, 0.043046, 0.016325, 0.019948], "Difference %": [-0.0, -0.0, -0.0, -0.0, -0.0, -0.0, -0.0, -0.0, -0.0, -0.0]}