{"Instance": "models/satellite/pomdp_satellite_36_sat_5_act_0_65_dist_5_mem_06_sparse_full.drn", "Type": "pMC", "Formula": "P=? [F \"goal\"]", "States": 31325, "Transitions": 156924, "Parameters": 2555, "Solution": 0.000494, "Model instantiate [s]": 0.197837, "Model verify [s]": 9.985454, "Num. derivatives": 10, "Differentiate one [s]": 0.191923, "Differentiate explicitly [s]": 490.363, "LP (define matrices) [s]": 35.373401, "LP (solve) [s]": 4.689265, "Max. derivatives": [0.00439, 0.004429, 0.008102, 0.015097, 0.007944, 0.01572, 0.017854, 0.004429, 0.007804, 0.004389], "Argmax. derivatives": ["p57_2", "p56_3", "p69_1", "p39_1", "p139_1", "p204_1", "p74_0", "p57_3", "p199_1", "p56_2"], "Max. validation": [0.00439, 0.004429, 0.008102, 0.015097, 0.007944, 0.01572, 0.017854, 0.004429, 0.007804, 0.004389], "Difference %": [0.0, -0.0, -0.0, -0.0, -0.0, -0.0, -0.0, 0.0, -0.0, 0.0]}