{"Instance": "models/pmdp/virus/virus.pm", "Type": "prMC", "Formula": "R{\"attacks\"}max=? [F s11=2 ]", "States": 761, "Transitions": 5009, "Parameters": 14, "Solution": 151.177982, "Model instantiate [s]": 0.094717, "Model verify [s]": 2.331217, "Num. derivatives": 10, "Differentiate one [s]": 0.001772, "Differentiate explicitly [s]": 0.025, "LP (define matrices) [s]": 0.038115, "LP (solve) [s]": 0.016621, "Max. derivatives": [-0.000423, -0.005864, -0.000424, -0.000425, -0.000424, -0.005881, -0.005952, -0.011757, -0.005942, -0.011719], "Argmax. derivatives": ["param10", "param14", "param13", "param4", "param12", "param3", "param2", "param6", "param5", "param8"], "Max. validation": [-0.000423, -0.005864, -0.000424, -0.000425, -0.000424, -0.005881, -0.005952, -0.011757, -0.005942, -0.011719], "Difference %": [-0.0, -0.0, -0.0, -0.0, -0.0, -0.0, -0.0, -0.0, -0.0, -0.0]}