{"Instance": "models/pmdp/virus/virus.pm", "Type": "pMC", "Formula": "R{\"attacks\"}max=? [F s11=2 ]", "States": 761, "Transitions": 5009, "Parameters": 14, "Solution": 88.888889, "Model instantiate [s]": 0.002771, "Model verify [s]": 0.129698, "Num. derivatives": 10, "Differentiate one [s]": 0.000463, "Differentiate explicitly [s]": 0.006, "LP (define matrices) [s]": 0.147233, "LP (solve) [s]": 0.008353, "Max. derivatives": [-111.111111, 12.345679, 12.345679, 12.345679, 12.345679, 12.345679, 12.345679, 12.345679, -111.111111, 12.345679], "Argmax. derivatives": ["infect32", "detect23", "detect12", "detect11", "detect32", "detect21", "detect31", "detect22", "infect23", "detect13"], "Max. validation": [-111.100001, 12.345816, 12.345816, 12.345816, 12.345816, 12.345816, 12.345816, 12.345816, -111.100001, 12.345816], "Difference %": [-1e-06, 0.0, 0.0, 0.0, 0.0, 0.0, 0.0, 0.0, -1e-06, 0.0]}