{"Instance": "models/pmdp/virus/virus.pm", "Type": "prMC", "Formula": "R{\"attacks\"}max=? [F s11=2 ]", "States": 761, "Transitions": 5009, "Parameters": 14, "Solution": 151.262404, "Model instantiate [s]": 0.091856, "Model verify [s]": 2.285622, "Num. derivatives": 10, "Differentiate one [s]": 0.001605, "Differentiate explicitly [s]": 0.022, "LP (define matrices) [s]": 0.034337, "LP (solve) [s]": 0.014395, "Max. derivatives": [-0.000423, -0.000423, -0.000424, -0.000425, -0.011926, -0.005909, -0.01172, -0.00595, -0.005873, -0.005916], "Argmax. derivatives": ["param4", "param12", "param10", "param1", "param8", "param2", "param6", "param5", "param3", "param14"], "Max. validation": [-0.000423, -0.000423, -0.000424, -0.000425, -0.011926, -0.005909, -0.01172, -0.00595, -0.005873, -0.005916], "Difference %": [-0.0, -0.0, -0.0, -0.0, -0.0, -0.0, -0.0, -0.0, -0.0, -0.0]}