{"Instance": "models/pmdp/wlan/wlan0_param.nm", "Type": "pMC", "Formula": "R{\"time\"}max=? [ F s1=12 | s2=12 ]", "States": 2711, "Transitions": 4877, "Parameters": 15, "Solution": 65886.522015, "Model instantiate [s]": 0.00204, "Model verify [s]": 0.432721, "Num. derivatives": 10, "Differentiate one [s]": 0.000959, "Differentiate explicitly [s]": 0.014, "LP (define matrices) [s]": 0.262104, "LP (solve) [s]": 0.017703, "Max. derivatives": [-4801549.419421, -4805261.560437, -4797841.012952, -4794136.341032, -4790435.403661, -4786738.200837, -4783044.732562, -4781780.084619, -2389384.589047, -1867.274153], "Argmax. derivatives": ["p7", "p6", "p8", "p9", "p10", "p11", "p12", "p13", "p14", "p15"], "Max. validation": [-4797976.279595, -4801685.677096, -4794270.613902, -4790568.680015, -4786870.477934, -4783176.00766, -4779485.269194, -4778219.785071, -2388483.501568, -1867.274153], "Difference %": [-7e-06, -7e-06, -7e-06, -7e-06, -7e-06, -7e-06, -7e-06, -7e-06, -4e-06, -0.0]}