{"instance": "grid(50,50,double)", "Type": "pMC", "Formula": "Rmin=? [F \"goal\"]", "Engine": "spsolve", "States": 4999, "Transitions": 14995, "Parameters": 50, "Solution": 5.043325, "Model parse [s]": 0.693987, "Model instantiate [s]": 0.161429, "Model verify [s]": 0.023962, "Num. derivatives": 10, "Differentiate one [s]": 0.020243, "Differentiate explicitly [s]": 1.012, "LP (define matrices) [s]": 0.524677, "LP (solve) [s]": 0.481546, "Max. derivatives": [0.377846, 0.228329, 0.114889, 0.412374, 1.482332, 0.526386, 0.143469, 0.204807, 0.367112, 1.313656], "Argmax. derivatives": ["v9", "v13", "v33", "v47", "v23", "v31", "v29", "v32", "v10", "v48"], "Max. validation": [0.377843, 0.228286, 0.114888, 0.412222, 1.481673, 0.526317, 0.143483, 0.204795, 0.366959, 1.313007], "Difference %": [-6e-06, -0.000186, -1.3e-05, -0.00037, -0.000445, -0.000132, 9.9e-05, -6.1e-05, -0.000415, -0.000494]}