{"instance": "grid(50,50,double)", "Type": "pMC", "Formula": "Rmin=? [F \"goal\"]", "Engine": "spsolve", "States": 4999, "Transitions": 14995, "Parameters": 50, "Solution": 5.043325, "Model parse [s]": 0.695145, "Model instantiate [s]": 0.165837, "Model verify [s]": 0.023555, "Num. derivatives": 10, "Differentiate one [s]": 0.019713, "Differentiate explicitly [s]": 0.986, "LP (define matrices) [s]": 0.52901, "LP (solve) [s]": 0.463495, "Max. derivatives": [0.377846, 0.228329, 0.114889, 0.412374, 1.482332, 0.526386, 0.143469, 0.204807, 0.367112, 1.313656], "Argmax. derivatives": ["v9", "v13", "v33", "v47", "v23", "v31", "v29", "v32", "v10", "v48"]}