{"instance": "grid(50,50,double)", "Type": "prMC", "Formula": "Rmin=? [F \"goal\"]", "Engine": "spsolve", "States": 4999, "Transitions": 14995, "Parameters": 50, "Solution": 1070.239651, "Model parse [s]": 0.0, "Model instantiate [s]": 1.129224, "Model verify [s]": 26.386034, "Num. derivatives": 10, "Differentiate one [s]": 0.04704, "Differentiate explicitly [s]": 2.352, "LP (define matrices) [s]": 0.460808, "LP (solve) [s]": 0.850694, "Max. derivatives": [0.03181, 0.022143, 0.026522, 0.025382, 0.036354, 0.037234, 0.022761, 0.029706, 0.031499, 0.026604], "Argmax. derivatives": ["v26", "v33", "v13", "v38", "v9", "v48", "v19", "v29", "v23", "v30"]}