{"instance": "grid(10,10,double)", "Type": "prMC", "Formula": "Rmin=? [F \"goal\"]", "Engine": "spsolve", "States": 199, "Transitions": 595, "Parameters": 10, "Solution": 115.901371, "Model parse [s]": 0.0, "Model instantiate [s]": 0.048255, "Model verify [s]": 1.102989, "Num. derivatives": 10, "Differentiate one [s]": 0.001702, "Differentiate explicitly [s]": 0.017, "LP (define matrices) [s]": 0.016118, "LP (solve) [s]": 0.013718, "Max. derivatives": [0.002271, 0.003798, 0.003675, 0.003936, 0.002031, 0.003576, 0.007442, 0.001872, 0.002079, 0.003334], "Argmax. derivatives": ["v5", "v0", "v3", "v7", "v9", "v2", "v4", "v6", "v8", "v1"], "Max. validation": [0.002271, 0.003798, 0.003675, 0.003936, 0.002031, 0.003576, 0.007442, 0.001872, 0.002079, 0.003334], "Difference %": [1e-06, 1e-06, 1e-06, 1e-06, 1e-06, 1e-06, 1e-06, 1e-06, 1e-06, 1e-06]}