{"instance": "grid(10,10,double)", "Type": "pMC", "Formula": "Rmin=? [F \"goal\"]", "Engine": "spsolve", "States": 199, "Transitions": 595, "Parameters": 10, "Solution": 1.865156, "Model parse [s]": 0.03193, "Model instantiate [s]": 0.008355, "Model verify [s]": 0.001732, "Num. derivatives": 10, "Differentiate one [s]": 0.000991, "Differentiate explicitly [s]": 0.01, "LP (define matrices) [s]": 0.026091, "LP (solve) [s]": 0.015131, "Max. derivatives": [0.077234, 0.03554, 0.559402, -0.068285, -0.116027, 0.357269, -0.489871, -0.081573, -0.11858, -0.367455], "Argmax. derivatives": ["v5", "v0", "v3", "v7", "v9", "v2", "v4", "v6", "v8", "v1"], "Max. validation": [0.077107, 0.035423, 0.559039, -0.068287, -0.116032, 0.357197, -0.489948, -0.081582, -0.118585, -0.367541], "Difference %": [-0.001646, -0.00331, -0.000649, 2.2e-05, 4.2e-05, -0.000202, 0.000156, 0.000111, 4.2e-05, 0.000233]}