{"instance": "grid(100,100,double)", "Type": "pMC", "Formula": "Rmin=? [F \"goal\"]", "Engine": "spsolve", "States": 19999, "Transitions": 59995, "Parameters": 100, "Solution": 2.00071, "Model instantiate [s]": 0.033973, "Model verify [s]": 6.487197, "Num. derivatives": 10, "Differentiate one [s]": 0.124209, "Differentiate explicitly [s]": 12.421, "LP (define matrices) [s]": 2.258138, "LP (solve) [s]": 7.559001, "Max. derivatives": [0.095247, 0.107904, 0.503123, 0.06722, 0.068187, 0.227007, 0.43873, 0.040571, 0.276369, 0.04648], "Argmax. derivatives": ["v79", "v38", "v94", "v46", "v23", "v13", "v85", "v75", "v29", "v1"]}