{"instance": "/home/thom/Documents/CAV23/code/models/slipgrid/double_pmc_size=200_params=1000_seed=0.drn", "Type": "pMC", "Formula": "Rmin=? [F \"goal\"]", "Engine": "spsolve", "States": 79999, "Transitions": 239995, "Parameters": 1000, "Solution": 7.961009, "Model instantiate [s]": 0.153255, "Model verify [s]": 47.385634, "Num. derivatives": 10, "Differentiate one [s]": 0.879366, "Differentiate explicitly [s]": 879.366, "LP (define matrices) [s]": 8.654874, "LP (solve) [s]": 63.196844, "Max. derivatives": [0.19116, 1.017896, 0.180348, 0.433022, 0.23185, 0.42554, 0.178239, 1.891209, 2.033324, 0.992652], "Argmax. derivatives": ["v248", "v637", "v826", "v280", "v286", "v22", "v752", "v770", "v843", "v182"]}