{"instance": "grid(100,100,double)", "Type": "prMC", "Formula": "Rmin=? [F \"goal\"]", "Engine": "spsolve", "States": 19999, "Transitions": 59995, "Parameters": 100, "Solution": 2100.552432, "Model instantiate [s]": 5.426645, "Model verify [s]": 193.004019, "Num. derivatives": 10, "Differentiate one [s]": 0.205136, "Differentiate explicitly [s]": 20.514, "LP (define matrices) [s]": 2.023076, "LP (solve) [s]": 9.942995, "Max. derivatives": [0.049482, 0.046531, 0.042472, 0.046465, 0.05863, 0.044236, 0.064936, 0.072537, 0.058494, 0.039489], "Argmax. derivatives": ["param87", "param2", "param38", "param89", "param88", "param36", "param62", "param65", "param32", "param25"]}