{"instance": "grid(50,1000,double)", "Type": "prMC", "Formula": "Rmin=? [F \"goal\"]", "Engine": "spsolve", "States": 4999, "Transitions": 14995, "Parameters": 1000, "Solution": 1070.883119, "Model instantiate [s]": 5.555582, "Model verify [s]": 36.992575, "Num. derivatives": 10, "Differentiate one [s]": 0.047363, "Differentiate explicitly [s]": 43.621, "LP (define matrices) [s]": 0.524185, "LP (solve) [s]": 0.954577, "Max. derivatives": [0.010438, 0.009689, 0.008896, 0.010186, 0.0187, 0.015242, 0.007955, 0.021299, 0.012337, 0.014432], "Argmax. derivatives": ["param429", "param523", "param93", "param45", "param94", "param55", "param123", "param599", "param360", "param47"]}