{"instance": "grid(20,100,double)", "Type": "prMC", "Formula": "Rmin=? [F \"goal\"]", "Engine": "spsolve", "States": 799, "Transitions": 2395, "Parameters": 100, "Solution": 350.567929, "Model instantiate [s]": 0.257717, "Model verify [s]": 8.60596, "Num. derivatives": 10, "Differentiate one [s]": 0.00991, "Differentiate explicitly [s]": 0.991, "LP (define matrices) [s]": 0.108013, "LP (solve) [s]": 0.085294, "Max. derivatives": [0.005715, 0.005654, 0.005754, 0.005766, 0.00789, 0.008287, 0.004977, 0.005561, 0.005505, 0.004157], "Argmax. derivatives": ["param30", "param98", "param99", "param29", "param16", "param77", "param44", "param15", "param28", "param8"]}