{"instance": "grid(50,1000,double)", "Type": "pMC", "Formula": "Rmin=? [F \"goal\"]", "Engine": "spsolve", "States": 4999, "Transitions": 14995, "Parameters": 1000, "Solution": 4.965906, "Model instantiate [s]": 0.017484, "Model verify [s]": 2.260601, "Num. derivatives": 10, "Differentiate one [s]": 0.025943, "Differentiate explicitly [s]": 23.893, "LP (define matrices) [s]": 0.672658, "LP (solve) [s]": 0.602587, "Max. derivatives": [0.115844, 0.115599, 0.358479, 0.598462, 0.343444, 0.148962, 0.115764, 0.616365, 1.193145, 1.207525], "Argmax. derivatives": ["v606", "v755", "v714", "v910", "v147", "v659", "v470", "v456", "v46", "v423"]}