{"instance": "grid(50,100,double)", "Type": "pMC", "Formula": "Rmin=? [F \"goal\"]", "Engine": "spsolve", "States": 4999, "Transitions": 14995, "Parameters": 100, "Solution": 5.068201, "Model instantiate [s]": 0.011161, "Model verify [s]": 2.217268, "Num. derivatives": 10, "Differentiate one [s]": 0.025809, "Differentiate explicitly [s]": 2.581, "LP (define matrices) [s]": 0.598331, "LP (solve) [s]": 0.594265, "Max. derivatives": [0.262862, 1.164616, 0.586725, 1.297916, 0.188242, 0.091254, 0.076476, 0.597606, 0.140658, 0.198603], "Argmax. derivatives": ["v32", "v14", "v5", "v23", "v77", "v49", "v89", "v74", "v58", "v78"]}