{"instance": "grid(50,50,double)", "Type": "prMC", "Formula": "Rmin=? [F \"goal\"]", "Engine": "spsolve", "States": 4999, "Transitions": 14995, "Parameters": 50, "Solution": 1089.5308, "Model instantiate [s]": 1.329383, "Model verify [s]": 41.189098, "Num. derivatives": 10, "Differentiate one [s]": 0.054674, "Differentiate explicitly [s]": 2.734, "LP (define matrices) [s]": 0.632843, "LP (solve) [s]": 1.047145, "Max. derivatives": [0.023015, 0.042794, 0.029081, 0.020978, 0.020841, 0.024399, 0.021045, 0.024714, 0.02994, 0.032569], "Argmax. derivatives": ["param43", "param47", "param3", "param35", "param29", "param34", "param17", "param10", "param33", "param25"]}