{"instance": "/home/thom/Documents/CAV23/code/models/slipgrid/double_pmc_size=200_params=1000_seed=0.drn", "Type": "pMC", "Formula": "Rmin=? [F \"goal\"]", "Engine": "spsolve", "States": 79999, "Transitions": 239995, "Parameters": 1000, "Solution": 7.961009, "Model instantiate [s]": 0.192235, "Model verify [s]": 24.109978, "Num. derivatives": 10, "Differentiate one [s]": 0.809084, "Differentiate explicitly [s]": 809.084, "LP (define matrices) [s]": 12.867915, "LP (solve) [s]": 32.567248, "Max. derivatives": [0.180348, 0.23185, 0.992652, 0.19116, 0.42554, 1.017896, 2.033324, 0.178239, 1.891209, 0.433022], "Argmax. derivatives": ["v826", "v286", "v182", "v248", "v22", "v637", "v843", "v752", "v770", "v280"]}