{"instance": "grid(100,1000,double)", "Type": "prMC", "Formula": "Rmin=? [F \"goal\"]", "Engine": "spsolve", "States": 19999, "Transitions": 59995, "Parameters": 1000, "Solution": 2246.791249, "Model instantiate [s]": 24.849467, "Model verify [s]": 192.819603, "Num. derivatives": 10, "Differentiate one [s]": 0.321572, "Differentiate explicitly [s]": 321.572, "LP (define matrices) [s]": 3.119638, "LP (solve) [s]": 19.044786, "Max. derivatives": [0.021665, 0.052976, 0.026634, 0.018599, 0.018725, 0.033845, 0.027561, 0.02063, 0.03036, 0.029218], "Argmax. derivatives": ["param246", "param183", "param95", "param513", "param94", "param917", "param852", "param954", "param107", "param67"]}