{"instance": "grid(50,100,double)", "Type": "prMC", "Formula": "Rmin=? [F \"goal\"]", "Engine": "spsolve", "States": 4999, "Transitions": 14995, "Parameters": 100, "Solution": 1104.618576, "Model instantiate [s]": 1.830285, "Model verify [s]": 39.705701, "Num. derivatives": 10, "Differentiate one [s]": 0.052796, "Differentiate explicitly [s]": 5.28, "LP (define matrices) [s]": 0.577122, "LP (solve) [s]": 1.040661, "Max. derivatives": [0.01412, 0.012554, 0.017711, 0.025885, 0.012953, 0.040735, 0.016014, 0.026408, 0.035238, 0.016483], "Argmax. derivatives": ["param61", "param53", "param47", "param92", "param89", "param36", "param65", "param34", "param31", "param100"]}