{"instance": "models/pmdp/CSMA/csma2_4_param.nm", "Type": "pMC", "Formula": "R{\"time\"}max=? [ F \"all_delivered\" ]", "Engine": "spsolve", "States": 7958, "Transitions": 10594, "Parameters": 26, "Solution": 11784.789247, "Model parse [s]": 0.121662, "Model instantiate [s]": 0.441252, "Model verify [s]": 0.001342, "Num. derivatives": 10, "Differentiate one [s]": 0.001239, "Differentiate explicitly [s]": 0.032, "LP (define matrices) [s]": 1.545356, "LP (solve) [s]": 0.079028, "Max. derivatives": [46605.493615, 43350.147589, 45290.854963, 44250.985904, 47118.920532, 43644.162987, 44279.337676, 45480.052658, 56271.293813, 47057.744995], "Argmax. derivatives": ["p24_14", "p24_11", "p24_13", "p24_12", "p24_2", "p24_5", "p24_4", "p24_3", "p24_1", "p24_15"]}