{"instance": "models/sttt-drone/drone_model.nm", "Type": "pMC", "Formula": "Pmax=? [F attarget ]", "Engine": "storm", "States": 7656, "Transitions": 56666, "Parameters": 2743, "Solution": 0.971702, "Model parse [s]": 1.202824, "Model instantiate [s]": 1.347219, "Model verify [s]": 0.042987, "Num. derivatives": 10, "Differentiate one [s]": 0.539327, "Differentiate explicitly [s]": 1479.373, "LP (define matrices) [s]": 12.878981, "LP (solve) [s]": 21.128305, "Max. derivatives": [7.995133, 8.286238, 8.100393, 8.281814, 7.934177, 7.592931, 8.360441, 8.349113, 7.633823, 8.342585], "Argmax. derivatives": ["pc0w0x0y0z2eff12", "pc0w0x0y0z2eff1", "pc0w0x0y0z2eff0", "pc0w0x0y0z2eff5", "pc0w0x0y0z2eff11", "pc0w0x0y0z2eff3", "pc0w0x0y0z2eff9", "pc0w0x0y0z2eff2", "pc0w0x0y0z2eff7", "pc0w0x0y0z2eff6"]}