{"instance": "models/pomdp/drone/pomdp_drone_4-2-mem5-simple.drn", "Type": "pMC", "Formula": "P=? [\"notbad\" U \"goal\"]", "Engine": "storm", "States": 32403, "Transitions": 70099, "Parameters": 12286, "Solution": 0.112452, "Model parse [s]": 28.696979, "Model instantiate [s]": 2.239617, "Model verify [s]": 0.0379, "Num. derivatives": 10, "Differentiate one [s]": 1.350682, "Differentiate explicitly [s]": 16594.482, "LP (define matrices) [s]": 5.462774, "LP (solve) [s]": 15.264748, "Max. derivatives": [0.015789, 0.019948, 0.043046, 0.023873, 0.024846, 0.015819, 0.030419, 0.017677, 0.014595, 0.018245], "Argmax. derivatives": ["p1705_0", "p9630_0", "p10300_0", "p8356_0", "p3675_0", "p4140_0", "p9620_0", "p2685_0", "p3864_0", "p3325_0"]}