{"instance": "models/pomdp/drone/pomdp_drone_4-2-mem1-simple.drn", "Type": "pMC", "Formula": "P=? [\"notbad\" U \"goal\"]", "Engine": "storm", "States": 4179, "Transitions": 9414, "Parameters": 1053, "Solution": 0.112452, "Model parse [s]": 0.521903, "Model instantiate [s]": 0.276264, "Model verify [s]": 0.009357, "Num. derivatives": 10, "Differentiate one [s]": 0.01012, "Differentiate explicitly [s]": 10.657, "LP (define matrices) [s]": 0.606088, "LP (solve) [s]": 0.306531, "Max. derivatives": [0.043046, 0.015796, 0.024846, 0.016997, 0.018245, 0.016325, 0.030419, 0.019948, 0.023876, 0.017681], "Argmax. derivatives": ["p1460_0", "p341_0", "p735_0", "p768_0", "p665_0", "p804_0", "p1380_0", "p1382_0", "p1244_0", "p537_0"]}