{"instance": "models/pmdp/wlan/wlan0_param.nm", "Type": "pMC", "Formula": "R{\"time\"}max=? [ F s1=12 | s2=12 ]", "Engine": "spsolve", "States": 2711, "Transitions": 4877, "Parameters": 15, "Solution": -3773816.692475, "Model parse [s]": 0.065335, "Model instantiate [s]": 0.181963, "Model verify [s]": 0.00166, "Num. derivatives": 10, "Differentiate one [s]": 0.001425, "Differentiate explicitly [s]": 0.021, "LP (define matrices) [s]": 0.733138, "LP (solve) [s]": 0.06399, "Max. derivatives": [1049250998.780008, 1397068021.24319, 700957400.745949, 3687952.12113, 3683258.638227, 3750748.159291, 3714056.77008, 3682341.757998, 3677314.202125, 178151913.923517], "Argmax. derivatives": ["p11", "p12", "p10", "p1", "p2", "p6", "p5", "p4", "p3", "p8"]}