{"v1": [0.08333333333333333, 12], "v2": [0.5555555555555556, 18], "v3": [0.0, 15], "v4": [0.16666666666666666, 30], "v5": [0.1111111111111111, 9]}