{"instance": "grid(10,10,double)", "Type": "pMC", "Formula": "Rmin=? [F \"goal\"]", "Engine": "spsolve", "States": 199, "Transitions": 595, "Parameters": 10, "Solution": 1.881881, "Model instantiate [s]": 0.000505, "Model verify [s]": 0.041561, "Num. derivatives": 10, "Differentiate one [s]": 0.000837, "Differentiate explicitly [s]": 0.008, "LP (define matrices) [s]": 0.017627, "LP (solve) [s]": 0.008874, "Max. derivatives": [0.075153, 0.033824, 0.563926, -0.068319, -0.116372, 0.365014, -0.501331, -0.083646, -0.120749, -0.375485], "Argmax. derivatives": ["v5", "v0", "v3", "v7", "v9", "v2", "v4", "v6", "v8", "v1"]}