{"instance": "grid(20,100,double)", "Type": "prMC", "Formula": "Rmin=? [F \"goal\"]", "Engine": "spsolve", "States": 799, "Transitions": 2395, "Parameters": 100, "Solution": 2666.780049, "Model instantiate [s]": 0.171075, "Model verify [s]": 6.951013, "Num. derivatives": 10, "Differentiate one [s]": 0.007816, "Differentiate explicitly [s]": 0.782, "LP (define matrices) [s]": 0.09152, "LP (solve) [s]": 0.070035, "Max. derivatives": [-0.131431, -0.085009, -0.067101, -0.065636, -0.119985, -0.086681, -0.067968, -0.06336, -0.091434, -0.059773], "Argmax. derivatives": ["param77", "param29", "param99", "param30", "param16", "param44", "param8", "param15", "param28", "param42"]}