{"instance": "grid(400,1000,double)", "Type": "pMC", "Formula": "Rmin=? [F \"goal\"]", "Engine": "spsolve", "States": 319999, "Transitions": 959995, "Parameters": 1000, "Solution": 3.217093, "Model parse [s]": 34.788652, "Model instantiate [s]": 24.5282, "Model verify [s]": 4.605569, "Num. derivatives": 10, "Differentiate one [s]": 4.602196, "Differentiate explicitly [s]": 4602.196, "LP (define matrices) [s]": 79.534218, "LP (solve) [s]": 581.112431, "Max. derivatives": [0.387791, 0.209188, 0.065439, 0.847657, 0.054714, 0.733163, 0.413148, 0.207985, 0.056538, 0.130637], "Argmax. derivatives": ["v295", "v477", "v367", "v809", "v241", "v767", "v433", "v83", "v57", "v43"]}