{"instance": "grid(100,100,double)", "Type": "pMC", "Formula": "Rmin=? [F \"goal\"]", "Engine": "spsolve", "States": 19999, "Transitions": 59995, "Parameters": 100, "Solution": 2.017668, "Model parse [s]": 2.166974, "Model instantiate [s]": 1.534238, "Model verify [s]": 0.089854, "Num. derivatives": 10, "Differentiate one [s]": 0.082509, "Differentiate explicitly [s]": 8.251, "LP (define matrices) [s]": 4.911683, "LP (solve) [s]": 3.109886, "Max. derivatives": [0.09894, 0.108428, 0.509831, 0.066977, 0.06894, 0.234066, 0.46025, 0.041569, 0.281164, 0.046457], "Argmax. derivatives": ["v79", "v38", "v94", "v46", "v23", "v13", "v85", "v75", "v29", "v1"]}