{"instance": "grid(400,100,double)", "Type": "pMC", "Formula": "Rmin=? [F \"goal\"]", "Engine": "spsolve", "States": 319999, "Transitions": 959995, "Parameters": 100, "Solution": 3.182901, "Model parse [s]": 34.851077, "Model instantiate [s]": 24.342747, "Model verify [s]": 4.540195, "Num. derivatives": 10, "Differentiate one [s]": 4.533147, "Differentiate explicitly [s]": 453.315, "LP (define matrices) [s]": 78.934461, "LP (solve) [s]": 483.629188, "Max. derivatives": [0.830301, 0.077765, 0.113822, 0.383465, 0.151036, 0.094882, 0.066354, 0.239449, 0.679909, 0.425796], "Argmax. derivatives": ["v36", "v99", "v3", "v34", "v18", "v66", "v81", "v60", "v51", "v69"]}