{"instance": "grid(50,1000,double)", "Type": "pMC", "Formula": "Rmin=? [F \"goal\"]", "Engine": "spsolve", "States": 4999, "Transitions": 14995, "Parameters": 1000, "Solution": 4.950069, "Model parse [s]": 0.597558, "Model instantiate [s]": 0.390524, "Model verify [s]": 0.016701, "Num. derivatives": 10, "Differentiate one [s]": 0.014571, "Differentiate explicitly [s]": 13.419, "LP (define matrices) [s]": 1.23211, "LP (solve) [s]": 0.351086, "Max. derivatives": [0.117825, 0.112597, 0.356255, 0.604124, 0.335361, 0.14607, 0.121292, 0.613457, 1.194675, 1.220822], "Argmax. derivatives": ["v606", "v755", "v714", "v910", "v147", "v659", "v470", "v456", "v46", "v423"]}