{"instance": "grid(100,1000,double)", "Type": "prMC", "Formula": "Rmin=? [F \"goal\"]", "Engine": "spsolve", "States": 19999, "Transitions": 59995, "Parameters": 1000, "Solution": 2246.791249, "Model parse [s]": 0.0, "Model instantiate [s]": 23.234607, "Model verify [s]": 95.741472, "Num. derivatives": 10, "Differentiate one [s]": 0.161834, "Differentiate explicitly [s]": 161.834, "LP (define matrices) [s]": 1.129084, "LP (solve) [s]": 5.275608, "Max. derivatives": [0.021665, 0.052976, 0.026634, 0.018599, 0.018725, 0.033845, 0.027561, 0.02063, 0.03036, 0.029218], "Argmax. derivatives": ["v67", "v637", "v908", "v676", "v565", "v793", "v862", "v530", "v180", "v53"]}