{"instance": "/home/thom/documents/sensitivity-prmdps/prmdp-sensitivity-git/models/slipgrid/dummy.nm", "formula": "Rmin=? [F \"goal\"]", "engine": "spsolve", "states": 12, "transitions": 23, "parameters": 5, "parse [s]": 0.1141810417175293, "verify [s]": 0.0009703636169433594, "build LP [s]": 0.003553628921508789, "solve LP [s]": 0.006534099578857422, "LP max. partial": 7.8125, "LP max. param": ["v4"], "Val. max partial": 7.822277847310488}