{"instance": "grid(20,100,double)", "Type": "pMC", "Formula": "Rmin=? [F \"goal\"]", "Engine": "spsolve", "States": 799, "Transitions": 2395, "Parameters": 100, "Solution": 7.847778, "Model instantiate [s]": 0.002816, "Model verify [s]": 0.270314, "Num. derivatives": 10, "Differentiate one [s]": 0.00358, "Differentiate explicitly [s]": 0.358, "LP (define matrices) [s]": 0.105174, "LP (solve) [s]": 0.03957, "Max. derivatives": [1.883164, 1.024237, 1.683499, 0.12188, 0.557821, 0.133902, 0.488229, 0.178864, 0.916213, 0.212914], "Argmax. derivatives": ["v63", "v87", "v46", "v94", "v39", "v18", "v75", "v58", "v24", "v65"]}