{"instance": "grid(50,50,double)", "Type": "pMC", "Formula": "Rmin=? [F \"goal\"]", "Engine": "spsolve", "States": 4999, "Transitions": 14995, "Parameters": 50, "Solution": 5.04388, "Model instantiate [s]": 0.009091, "Model verify [s]": 2.057588, "Num. derivatives": 10, "Differentiate one [s]": 0.022096, "Differentiate explicitly [s]": 1.105, "LP (define matrices) [s]": 0.664188, "LP (solve) [s]": 0.577304, "Max. derivatives": [0.37547, 0.225897, 0.114029, 0.414699, 1.481597, 0.527057, 0.14284, 0.203839, 0.363856, 1.301771], "Argmax. derivatives": ["v9", "v13", "v33", "v47", "v23", "v31", "v29", "v32", "v10", "v48"]}