{"instance": "grid(200,10000,double)", "Type": "pMC", "Formula": "Rmin=? [F \"goal\"]", "Engine": "spsolve", "States": 79999, "Transitions": 239995, "Parameters": 10000, "Solution": 7.872076, "Model parse [s]": 17.980341, "Model instantiate [s]": 6.283713, "Model verify [s]": 0.57563, "Num. derivatives": 10, "Differentiate one [s]": 0.571427, "Differentiate explicitly [s]": 5617.697, "LP (define matrices) [s]": 19.904913, "LP (solve) [s]": 110.413265, "Max. derivatives": [1.000078, 0.227807, 0.931766, 0.482999, 0.142688, 0.490751, 0.166445, 1.973246, 0.159417, 1.783493], "Argmax. derivatives": ["v2395", "v1447", "v5208", "v5181", "v6369", "v1337", "v5646", "v8310", "v7516", "v6177"]}