{"instance": "grid(50,50,double)", "Type": "prMC", "Formula": "Rmin=? [F \"goal\"]", "Engine": "spsolve", "States": 4999, "Transitions": 14995, "Parameters": 50, "Solution": 1070.426725, "Model parse [s]": 0.0, "Model instantiate [s]": 2.175937, "Model verify [s]": 23.079525, "Num. derivatives": 10, "Differentiate one [s]": 0.026597, "Differentiate explicitly [s]": 1.33, "LP (define matrices) [s]": 0.277269, "LP (solve) [s]": 0.571038, "Max. derivatives": [0.045941, 0.02313, 0.030749, 0.032843, 0.032698, 0.023878, 0.021636, 0.021135, 0.023269, 0.039063], "Argmax. derivatives": ["v26", "v18", "v9", "v21", "v29", "v23", "v32", "v31", "v10", "v15"]}