{"instance": "grid(200,100,double)", "Type": "pMC", "Formula": "Rmin=? [F \"goal\"]", "Engine": "spsolve", "States": 79999, "Transitions": 239995, "Parameters": 100, "Solution": 8.027614, "Model parse [s]": 8.633048, "Model instantiate [s]": 6.057517, "Model verify [s]": 0.56302, "Num. derivatives": 10, "Differentiate one [s]": 0.559478, "Differentiate explicitly [s]": 55.948, "LP (define matrices) [s]": 19.754445, "LP (solve) [s]": 34.151229, "Max. derivatives": [0.204168, 0.305096, 0.215435, 0.926946, 0.250129, 0.45541, 1.969966, 1.061108, 0.663, 0.324034], "Argmax. derivatives": ["v63", "v61", "v67", "v32", "v83", "v33", "v27", "v89", "v70", "v21"]}