{"instance": "grid(10,10,double)", "Type": "prMC", "Formula": "Rmin=? [F \"goal\"]", "Engine": "spsolve", "States": 199, "Transitions": 595, "Parameters": 10, "Solution": 115.964149, "Model parse [s]": 0.0, "Model instantiate [s]": 0.08106, "Model verify [s]": 0.953578, "Num. derivatives": 10, "Differentiate one [s]": 0.001196, "Differentiate explicitly [s]": 0.012, "LP (define matrices) [s]": 0.012302, "LP (solve) [s]": 0.010323, "Max. derivatives": [0.002041, 0.004833, 0.006562, 0.002932, 0.003107, 0.005389, 0.006519, 0.00173, 0.000932, 0.002357], "Argmax. derivatives": ["v5", "v0", "v3", "v7", "v9", "v2", "v4", "v6", "v8", "v1"]}