{"instance": "grid(100,100,double)", "Type": "prMC", "Formula": "Rmin=? [F \"goal\"]", "Engine": "spsolve", "States": 19999, "Transitions": 59995, "Parameters": 100, "Solution": 2117.661384, "Model parse [s]": 0.0, "Model instantiate [s]": 9.720323, "Model verify [s]": 97.942677, "Num. derivatives": 10, "Differentiate one [s]": 0.164969, "Differentiate explicitly [s]": 16.497, "LP (define matrices) [s]": 1.14336, "LP (solve) [s]": 4.080173, "Max. derivatives": [0.036663, 0.035767, 0.041102, 0.033671, 0.045206, 0.063005, 0.063819, 0.082081, 0.039726, 0.051865], "Argmax. derivatives": ["v94", "v38", "v72", "v66", "v32", "v85", "v12", "v16", "v96", "v13"]}