{"instance": "grid(50,50,double)", "Type": "pMC", "Formula": "Rmin=? [F \"goal\"]", "Engine": "spsolve", "States": 4999, "Transitions": 14995, "Parameters": 50, "Solution": 5.037422, "Model parse [s]": 0.546736, "Model instantiate [s]": 0.375232, "Model verify [s]": 0.016637, "Num. derivatives": 10, "Differentiate one [s]": 0.014639, "Differentiate explicitly [s]": 0.732, "LP (define matrices) [s]": 1.208668, "LP (solve) [s]": 0.389894, "Max. derivatives": [0.372631, 0.224265, 0.110915, 0.415238, 1.441986, 0.520722, 0.139787, 0.198822, 0.35242, 1.323463], "Argmax. derivatives": ["v9", "v13", "v33", "v47", "v23", "v31", "v29", "v32", "v10", "v48"]}