{"instance": "grid(50,100,double)", "Type": "pMC", "Formula": "Rmin=? [F \"goal\"]", "Engine": "spsolve", "States": 4999, "Transitions": 14995, "Parameters": 100, "Solution": 5.01472, "Model parse [s]": 0.552253, "Model instantiate [s]": 0.387398, "Model verify [s]": 0.017052, "Num. derivatives": 10, "Differentiate one [s]": 0.014597, "Differentiate explicitly [s]": 1.46, "LP (define matrices) [s]": 1.243393, "LP (solve) [s]": 0.380559, "Max. derivatives": [0.257307, 1.148168, 0.574713, 1.258489, 0.191015, 0.092216, 0.078199, 0.571757, 0.138691, 0.197533], "Argmax. derivatives": ["v32", "v14", "v5", "v23", "v77", "v49", "v89", "v74", "v58", "v78"]}