{"instance": "grid(200,100,double)", "Type": "prMC", "Formula": "Rmin=? [F \"goal\"]", "Engine": "spsolve", "States": 79999, "Transitions": 239995, "Parameters": 100, "Solution": 4294.352933, "Model parse [s]": 0.0, "Model instantiate [s]": 39.098213, "Model verify [s]": 1710.239921, "Num. derivatives": 10, "Differentiate one [s]": 0.795251, "Differentiate explicitly [s]": 79.525, "LP (define matrices) [s]": 4.689548, "LP (solve) [s]": 36.130325, "Max. derivatives": [0.074406, 0.073002, 0.090848, 0.075585, 0.118285, 0.165658, 0.104436, 0.080881, 0.064169, 0.094254], "Argmax. derivatives": ["v83", "v27", "v85", "v51", "v37", "v70", "v56", "v33", "v76", "v89"]}