{"instance": "grid(100,1000,double)", "Type": "pMC", "Formula": "Rmin=? [F \"goal\"]", "Engine": "spsolve", "States": 19999, "Transitions": 59995, "Parameters": 1000, "Solution": 2.025149, "Model parse [s]": 2.244285, "Model instantiate [s]": 1.550682, "Model verify [s]": 0.087606, "Num. derivatives": 10, "Differentiate one [s]": 0.079462, "Differentiate explicitly [s]": 79.462, "LP (define matrices) [s]": 4.972136, "LP (solve) [s]": 5.481984, "Max. derivatives": [0.126247, 0.053605, 0.038493, 0.500395, 0.49791, 0.25994, 0.067348, 0.113682, 0.247942, 0.039199], "Argmax. derivatives": ["v4", "v988", "v806", "v908", "v862", "v793", "v398", "v611", "v565", "v545"]}