{"instance": "grid(50,100,double)", "Type": "prMC", "Formula": "Rmin=? [F \"goal\"]", "Engine": "spsolve", "States": 4999, "Transitions": 14995, "Parameters": 100, "Solution": 1101.736452, "Model parse [s]": 0.0, "Model instantiate [s]": 2.37579, "Model verify [s]": 22.908781, "Num. derivatives": 10, "Differentiate one [s]": 0.025797, "Differentiate explicitly [s]": 2.58, "LP (define matrices) [s]": 0.268007, "LP (solve) [s]": 0.563617, "Max. derivatives": [0.020351, 0.024632, 0.015988, 0.014632, 0.015192, 0.015704, 0.021006, 0.019001, 0.016278, 0.026312], "Argmax. derivatives": ["v4", "v14", "v23", "v79", "v89", "v78", "v31", "v13", "v74", "v7"]}