{"instance": "grid(400,10000,double)", "Type": "pMC", "Formula": "Rmin=? [F \"goal\"]", "Engine": "spsolve", "States": 319999, "Transitions": 959995, "Parameters": 10000, "Solution": 3.293391, "Model parse [s]": 45.49906, "Model instantiate [s]": 24.787396, "Model verify [s]": 4.496882, "Num. derivatives": 10, "Differentiate one [s]": 4.497126, "Differentiate explicitly [s]": 44971.264, "LP (define matrices) [s]": 79.779066, "LP (solve) [s]": 976.744641, "Max. derivatives": [0.447521, 0.800553, 0.219542, 0.051314, 0.891721, 0.098607, 0.064007, 0.410093, 0.202293, 0.071953], "Argmax. derivatives": ["v476", "v8389", "v2613", "v1435", "v8341", "v736", "v7080", "v1971", "v4461", "v5280"]}