{"instance": "grid(50,1000,double)", "Type": "prMC", "Formula": "Rmin=? [F \"goal\"]", "Engine": "spsolve", "States": 4999, "Transitions": 14995, "Parameters": 1000, "Solution": 1083.381065, "Model parse [s]": 0.0, "Model instantiate [s]": 5.498742, "Model verify [s]": 22.649024, "Num. derivatives": 10, "Differentiate one [s]": 0.026156, "Differentiate explicitly [s]": 24.089, "LP (define matrices) [s]": 0.275081, "LP (solve) [s]": 0.598992, "Max. derivatives": [0.012389, 0.007875, 0.013405, 0.022219, 0.012229, 0.014715, 0.008655, 0.014411, 0.009841, 0.008665], "Argmax. derivatives": ["v407", "v714", "v423", "v460", "v46", "v593", "v5", "v565", "v456", "v910"]}