{"instance": "grid(200,1000,double)", "Type": "pMC", "Formula": "Rmin=? [F \"goal\"]", "Engine": "spsolve", "States": 79999, "Transitions": 239995, "Parameters": 1000, "Solution": 7.961009, "Model parse [s]": 8.747928, "Model instantiate [s]": 6.122727, "Model verify [s]": 0.583248, "Num. derivatives": 10, "Differentiate one [s]": 0.575823, "Differentiate explicitly [s]": 575.823, "LP (define matrices) [s]": 19.808817, "LP (solve) [s]": 48.249943, "Max. derivatives": [0.19116, 1.017896, 0.180348, 0.433022, 0.23185, 0.42554, 0.178239, 1.891209, 2.033324, 0.992652], "Argmax. derivatives": ["v248", "v637", "v826", "v280", "v286", "v22", "v752", "v770", "v843", "v182"]}